event_id,machine_id,sensor_type,sensor_value,unit,event_timestamp,line_id,shift_id,is_anomaly_flag,firmware_version
EVT-000000,MCH-004,TEMPERATURE,71.68,celsius,2024-07-29T10:50:00.000Z,SMT-LINE-02,SHIFT-C,False,v2.4.1
EVT-000001,MCH-018,PRESSURE,3.975,bar,2024-08-07T16:00:00.000Z,PACKAGING-01,SHIFT-B,False,v2.4.1
EVT-000002,MCH-007,CYCLE_COUNT,209,count,2024-06-09T18:40:00.000Z,PACKAGING-01,SHIFT-A,False,v2.4.1
EVT-000003,MCH-018,GOOD_UNITS,287,count,2024-08-05T10:10:00.000Z,ASSEMBLY-LINE-02,SHIFT-C,False,v2.4.1
EVT-000004,MCH-001,VIBRATION,0.1083,count,2024-08-19T09:00:00.000Z,SMT-LINE-02,SHIFT-A,False,v2.4.1
EVT-000005,MCH-004,PRESSURE,3.941,bar,2024-07-01T21:18:00.000Z,ASSEMBLY-LINE-02,SHIFT-A,False,v2.4.1
EVT-000006,MCH-020,CYCLE_TIME_SECONDS,19.4,count,2024-07-02T13:22:00.000Z,PACKAGING-01,SHIFT-A,False,v2.4.1
EVT-000007,MCH-003,DOWNTIME_MINUTES,1.2,count,2024-07-05T16:55:00.000Z,PACKAGING-01,SHIFT-B,False,v2.4.1
EVT-000008,MCH-003,TEMPERATURE,59.88,celsius,2024-08-04T09:09:00.000Z,SMT-LINE-02,SHIFT-B,False,v2.4.1
EVT-000009,MCH-008,PRESSURE,3.959,bar,2024-08-18T02:28:00.000Z,ASSEMBLY-LINE-01,SHIFT-A,False,v2.4.1
EVT-000010,MCH-009,PRESSURE,4.426,bar,2024-06-20T07:40:00.000Z,PACKAGING-01,SHIFT-C,False,v2.4.1
EVT-000011,MCH-008,VIBRATION,0.0892,count,2024-08-06T14:48:00.000Z,PACKAGING-01,SHIFT-A,False,v2.4.1
EVT-000012,MCH-002,CYCLE_COUNT,290,count,2024-08-16T23:14:00.000Z,SMT-LINE-01,SHIFT-B,False,v2.4.1
EVT-000013,MCH-007,DOWNTIME_EVENT,1.0,count,2024-06-07T06:35:00.000Z,ASSEMBLY-LINE-01,SHIFT-A,False,v2.4.1
EVT-000014,MCH-015,VIBRATION,0.1275,count,2024-07-07T06:16:00.000Z,ASSEMBLY-LINE-01,SHIFT-A,False,v2.4.1
EVT-000015,MCH-018,CYCLE_TIME_SECONDS,18.0,count,2024-07-22T08:19:00.000Z,PACKAGING-01,SHIFT-B,False,v2.4.1
EVT-000016,MCH-017,TOTAL_OUTPUT,292,count,2024-06-13T20:11:00.000Z,SMT-LINE-01,SHIFT-A,False,v2.4.1
EVT-000017,MCH-014,DOWNTIME_EVENT,1.0,count,2024-06-15T19:29:00.000Z,SMT-LINE-01,SHIFT-B,False,v2.4.1
EVT-000018,MCH-017,CYCLE_TIME_SECONDS,15.4,count,2024-07-13T20:28:00.000Z,PACKAGING-01,SHIFT-A,False,v2.4.1
EVT-000019,MCH-018,CYCLE_TIME_SECONDS,18.3,count,2024-06-11T16:14:00.000Z,ASSEMBLY-LINE-01,SHIFT-B,False,v2.4.1
EVT-000020,MCH-009,DOWNTIME_MINUTES,4.8,count,2024-06-01T13:05:00.000Z,PACKAGING-01,SHIFT-A,False,v2.4.1
EVT-000021,MCH-017,DOWNTIME_EVENT,1.0,count,2024-06-28T09:57:00.000Z,SMT-LINE-02,SHIFT-A,False,v2.4.1
EVT-000022,MCH-018,DOWNTIME_MINUTES,8.4,count,2024-06-15T22:54:00.000Z,PACKAGING-01,SHIFT-B,False,v2.4.1
EVT-000023,MCH-012,CYCLE_TIME_SECONDS,15.7,count,2024-06-11T10:22:00.000Z,SMT-LINE-02,SHIFT-A,False,v2.4.1
EVT-000024,MCH-003,PRESSURE,4.137,bar,2024-07-22T21:24:00.000Z,PACKAGING-01,SHIFT-A,False,v2.4.1
EVT-000025,MCH-018,VIBRATION,0.0469,count,2024-07-14T12:16:00.000Z,ASSEMBLY-LINE-01,SHIFT-C,False,v2.4.1
EVT-000026,MCH-007,DOWNTIME_MINUTES,4.7,count,2024-07-09T18:21:00.000Z,SMT-LINE-02,SHIFT-C,False,v2.4.1
EVT-000027,MCH-012,TOTAL_OUTPUT,318,count,2024-08-01T09:19:00.000Z,PACKAGING-01,SHIFT-B,False,v2.4.1
EVT-000028,MCH-003,DEFECT_COUNT,0,count,2024-06-21T16:51:00.000Z,PACKAGING-01,SHIFT-C,False,v2.4.1
EVT-000029,MCH-001,PRESSURE,4.173,bar,2024-06-21T07:04:00.000Z,SMT-LINE-01,SHIFT-A,False,v2.4.1
EVT-000030,MCH-017,CYCLE_COUNT,151,count,2024-06-07T16:47:00.000Z,ASSEMBLY-LINE-02,SHIFT-A,False,v2.4.1
EVT-000031,MCH-019,DOWNTIME_EVENT,1.0,count,2024-08-06T02:11:00.000Z,ASSEMBLY-LINE-02,SHIFT-A,False,v2.4.1
EVT-000032,MCH-014,CYCLE_COUNT,104,count,2024-08-13T18:00:00.000Z,SMT-LINE-01,SHIFT-C,False,v2.4.1
EVT-000033,MCH-014,TOTAL_OUTPUT,317,count,2024-07-09T19:19:00.000Z,SMT-LINE-01,SHIFT-C,False,v2.4.1
EVT-000034,MCH-004,TEMPERATURE,69.31,celsius,2024-07-30T01:36:00.000Z,ASSEMBLY-LINE-02,SHIFT-C,False,v2.4.1
EVT-000035,MCH-004,CYCLE_COUNT,129,count,2024-08-18T16:21:00.000Z,SMT-LINE-02,SHIFT-C,False,v2.4.1
EVT-000036,MCH-006,CYCLE_TIME_SECONDS,13.0,count,2024-07-09T15:36:00.000Z,SMT-LINE-01,SHIFT-B,False,v2.4.1
EVT-000037,MCH-018,PRESSURE,4.342,bar,2024-08-18T03:53:00.000Z,SMT-LINE-01,SHIFT-C,False,v2.4.1
EVT-000038,MCH-001,PRESSURE,4.722,bar,2024-08-16T08:19:00.000Z,SMT-LINE-02,SHIFT-B,False,v2.4.1
EVT-000039,MCH-013,TEMPERATURE,65.06,celsius,2024-06-20T16:56:00.000Z,SMT-LINE-02,SHIFT-B,True,v2.4.1
EVT-000040,MCH-009,TOTAL_OUTPUT,299,count,2024-07-06T18:53:00.000Z,ASSEMBLY-LINE-02,SHIFT-C,False,v2.4.1
EVT-000041,MCH-018,TOTAL_OUTPUT,294,count,2024-08-11T13:16:00.000Z,SMT-LINE-02,SHIFT-B,False,v2.4.1
EVT-000042,MCH-019,DOWNTIME_MINUTES,0.2,count,2024-06-06T13:45:00.000Z,ASSEMBLY-LINE-01,SHIFT-A,False,v2.4.1
EVT-000043,MCH-017,DOWNTIME_MINUTES,0.6,count,2024-07-14T15:33:00.000Z,PACKAGING-01,SHIFT-A,False,v2.4.1
EVT-000044,MCH-020,PRESSURE,4.101,bar,2024-06-07T11:41:00.000Z,SMT-LINE-01,SHIFT-C,False,v2.4.1
EVT-000045,MCH-002,DOWNTIME_EVENT,1.0,count,2024-07-25T08:44:00.000Z,SMT-LINE-01,SHIFT-B,False,v2.4.1
EVT-000046,MCH-017,DEFECT_COUNT,8,count,2024-07-22T16:45:00.000Z,SMT-LINE-02,SHIFT-C,False,v2.4.1
EVT-000047,MCH-009,GOOD_UNITS,284,count,2024-06-22T23:25:00.000Z,ASSEMBLY-LINE-01,SHIFT-B,False,v2.4.1
EVT-000048,MCH-003,TEMPERATURE,66.78,celsius,2024-08-08T16:28:00.000Z,ASSEMBLY-LINE-02,SHIFT-C,False,v2.4.1
EVT-000049,MCH-003,DOWNTIME_MINUTES,0.8,count,2024-06-10T08:24:00.000Z,ASSEMBLY-LINE-01,SHIFT-A,False,v2.4.1
EVT-000050,MCH-003,CYCLE_COUNT,174,count,2024-08-20T10:16:00.000Z,ASSEMBLY-LINE-01,SHIFT-A,False,v2.4.1
EVT-000051,MCH-010,DOWNTIME_EVENT,1.0,count,2024-07-20T16:40:00.000Z,PACKAGING-01,SHIFT-A,False,v2.4.1
EVT-000052,MCH-010,PRESSURE,4.349,bar,2024-07-21T17:32:00.000Z,SMT-LINE-01,SHIFT-A,False,v2.4.1
EVT-000053,MCH-009,CYCLE_TIME_SECONDS,17.5,count,2024-06-15T09:34:00.000Z,PACKAGING-01,SHIFT-A,False,v2.4.1
EVT-000054,MCH-009,DOWNTIME_MINUTES,2.2,count,2024-06-19T18:45:00.000Z,SMT-LINE-01,SHIFT-A,False,v2.4.1
EVT-000055,MCH-009,TEMPERATURE,85.73,celsius,2024-08-15T17:44:00.000Z,ASSEMBLY-LINE-01,SHIFT-A,False,v2.4.1
EVT-000056,MCH-014,DOWNTIME_MINUTES,0.0,count,2024-07-21T11:09:00.000Z,SMT-LINE-01,SHIFT-C,False,v2.4.1
EVT-000057,MCH-002,DEFECT_COUNT,4,count,2024-07-20T21:51:00.000Z,ASSEMBLY-LINE-02,SHIFT-A,False,v2.4.1
EVT-000058,MCH-002,DEFECT_COUNT,6,count,2024-07-04T10:35:00.000Z,SMT-LINE-02,SHIFT-C,False,v2.4.1
EVT-000059,MCH-018,GOOD_UNITS,299,count,2024-08-11T06:11:00.000Z,SMT-LINE-02,SHIFT-A,False,v2.4.1
EVT-000060,MCH-006,GOOD_UNITS,280,count,2024-08-29T02:33:00.000Z,SMT-LINE-02,SHIFT-C,False,v2.4.1
EVT-000061,MCH-014,CYCLE_COUNT,148,count,2024-08-11T11:08:00.000Z,SMT-LINE-02,SHIFT-C,False,v2.4.1
EVT-000062,MCH-002,TOTAL_OUTPUT,297,count,2024-08-19T15:16:00.000Z,SMT-LINE-02,SHIFT-B,False,v2.4.1
EVT-000063,MCH-008,CYCLE_COUNT,86,count,2024-08-14T22:29:00.000Z,SMT-LINE-02,SHIFT-B,False,v2.4.1
EVT-000064,MCH-003,CYCLE_TIME_SECONDS,18.1,count,2024-08-18T22:12:00.000Z,ASSEMBLY-LINE-01,SHIFT-C,False,v2.4.1
EVT-000065,MCH-018,DEFECT_COUNT,0,count,2024-08-02T02:25:00.000Z,SMT-LINE-01,SHIFT-B,False,v2.4.1
EVT-000066,MCH-009,TEMPERATURE,78.64,celsius,2024-08-27T20:41:00.000Z,ASSEMBLY-LINE-01,SHIFT-B,False,v2.4.1
EVT-000067,MCH-004,GOOD_UNITS,308,count,2024-07-17T19:13:00.000Z,PACKAGING-01,SHIFT-A,False,v2.4.1
EVT-000068,MCH-014,TEMPERATURE,77.38,celsius,2024-08-04T18:21:00.000Z,PACKAGING-01,SHIFT-C,False,v2.4.1
EVT-000069,MCH-007,DEFECT_COUNT,13,count,2024-08-25T20:02:00.000Z,SMT-LINE-01,SHIFT-C,False,v2.4.1
EVT-000070,MCH-011,PRESSURE,4.152,bar,2024-07-27T23:18:00.000Z,ASSEMBLY-LINE-01,SHIFT-C,False,v2.4.1
EVT-000071,MCH-010,DOWNTIME_MINUTES,0.5,count,2024-07-07T21:03:00.000Z,ASSEMBLY-LINE-02,SHIFT-C,False,v2.4.1
EVT-000072,MCH-006,DOWNTIME_EVENT,1.0,count,2024-08-01T21:37:00.000Z,PACKAGING-01,SHIFT-B,False,v2.4.1
EVT-000073,MCH-001,CYCLE_TIME_SECONDS,15.9,count,2024-08-16T03:18:00.000Z,ASSEMBLY-LINE-01,SHIFT-A,False,v2.4.1
EVT-000074,MCH-020,DEFECT_COUNT,14,count,2024-07-24T00:59:00.000Z,ASSEMBLY-LINE-02,SHIFT-B,False,v2.4.1
EVT-000075,MCH-016,VIBRATION,0.1023,count,2024-07-17T18:40:00.000Z,PACKAGING-01,SHIFT-B,False,v2.4.1
EVT-000076,MCH-008,CYCLE_TIME_SECONDS,16.3,count,2024-08-26T21:40:00.000Z,SMT-LINE-02,SHIFT-A,False,v2.4.1
EVT-000077,MCH-008,TOTAL_OUTPUT,309,count,2024-06-05T10:57:00.000Z,SMT-LINE-01,SHIFT-B,False,v2.4.1
EVT-000078,MCH-019,CYCLE_COUNT,263,count,2024-07-28T13:44:00.000Z,ASSEMBLY-LINE-02,SHIFT-B,False,v2.4.1
EVT-000079,MCH-001,PRESSURE,4.237,bar,2024-06-14T16:22:00.000Z,PACKAGING-01,SHIFT-B,False,v2.4.1
EVT-000080,MCH-004,TOTAL_OUTPUT,294,count,2024-06-23T22:22:00.000Z,ASSEMBLY-LINE-02,SHIFT-C,False,v2.4.1
EVT-000081,MCH-020,DEFECT_COUNT,14,count,2024-07-22T02:59:00.000Z,PACKAGING-01,SHIFT-C,False,v2.4.1
EVT-000082,MCH-018,TOTAL_OUTPUT,318,count,2024-07-10T02:13:00.000Z,SMT-LINE-02,SHIFT-C,False,v2.4.1
EVT-000083,MCH-009,CYCLE_COUNT,295,count,2024-07-12T05:11:00.000Z,ASSEMBLY-LINE-01,SHIFT-C,False,v2.4.1
EVT-000084,MCH-009,TOTAL_OUTPUT,292,count,2024-06-23T00:38:00.000Z,ASSEMBLY-LINE-01,SHIFT-A,False,v2.4.1
EVT-000085,MCH-018,PRESSURE,3.993,bar,2024-06-30T08:24:00.000Z,SMT-LINE-02,SHIFT-A,False,v2.4.1
EVT-000086,MCH-005,CYCLE_COUNT,96,count,2024-08-03T09:57:00.000Z,ASSEMBLY-LINE-02,SHIFT-B,False,v2.4.1
EVT-000087,MCH-014,TEMPERATURE,74.24,celsius,2024-07-13T15:49:00.000Z,PACKAGING-01,SHIFT-C,True,v2.4.1
EVT-000088,MCH-019,GOOD_UNITS,295,count,2024-08-20T09:49:00.000Z,SMT-LINE-01,SHIFT-B,False,v2.4.1
EVT-000089,MCH-014,DOWNTIME_MINUTES,4.6,count,2024-07-06T17:56:00.000Z,PACKAGING-01,SHIFT-C,False,v2.4.1
EVT-000090,MCH-008,CYCLE_TIME_SECONDS,20.5,count,2024-07-15T16:33:00.000Z,ASSEMBLY-LINE-02,SHIFT-B,True,v2.4.1
EVT-000091,MCH-013,VIBRATION,0.1684,count,2024-07-01T20:17:00.000Z,PACKAGING-01,SHIFT-C,True,v2.4.1
EVT-000092,MCH-019,DOWNTIME_EVENT,1.0,count,2024-07-07T02:45:00.000Z,SMT-LINE-01,SHIFT-A,False,v2.4.1
EVT-000093,MCH-015,VIBRATION,0.0443,count,2024-06-13T14:26:00.000Z,SMT-LINE-01,SHIFT-B,False,v2.4.1
EVT-000094,MCH-015,DEFECT_COUNT,10,count,2024-06-20T12:22:00.000Z,ASSEMBLY-LINE-02,SHIFT-B,False,v2.4.1
EVT-000095,MCH-014,CYCLE_TIME_SECONDS,19.4,count,2024-08-15T23:21:00.000Z,PACKAGING-01,SHIFT-A,False,v2.4.1
EVT-000096,MCH-008,PRESSURE,3.909,bar,2024-07-03T02:30:00.000Z,SMT-LINE-01,SHIFT-A,False,v2.4.1
EVT-000097,MCH-001,DOWNTIME_EVENT,1.0,count,2024-06-19T09:30:00.000Z,SMT-LINE-02,SHIFT-A,False,v2.4.1
EVT-000098,MCH-004,DOWNTIME_EVENT,1.0,count,2024-08-01T04:27:00.000Z,SMT-LINE-02,SHIFT-B,False,v2.4.1
EVT-000099,MCH-012,VIBRATION,0.039,count,2024-08-10T01:18:00.000Z,SMT-LINE-01,SHIFT-A,False,v2.4.1
EVT-000100,MCH-019,TEMPERATURE,59.28,celsius,2024-06-11T02:08:00.000Z,ASSEMBLY-LINE-01,SHIFT-C,False,v2.4.1
EVT-000101,MCH-013,GOOD_UNITS,310,count,2024-08-27T11:09:00.000Z,SMT-LINE-02,SHIFT-A,False,v2.4.1
EVT-000102,MCH-008,PRESSURE,4.117,bar,2024-08-15T20:24:00.000Z,PACKAGING-01,SHIFT-A,False,v2.4.1
EVT-000103,MCH-002,DEFECT_COUNT,13,count,2024-07-22T18:17:00.000Z,ASSEMBLY-LINE-01,SHIFT-A,False,v2.4.1
EVT-000104,MCH-001,GOOD_UNITS,306,count,2024-07-02T07:25:00.000Z,ASSEMBLY-LINE-02,SHIFT-A,False,v2.4.1
EVT-000105,MCH-015,VIBRATION,0.088,count,2024-07-04T05:12:00.000Z,ASSEMBLY-LINE-02,SHIFT-A,False,v2.4.1
EVT-000106,MCH-009,DOWNTIME_EVENT,1.0,count,2024-08-28T03:06:00.000Z,PACKAGING-01,SHIFT-B,False,v2.4.1
EVT-000107,MCH-019,CYCLE_TIME_SECONDS,17.2,count,2024-08-15T09:50:00.000Z,SMT-LINE-01,SHIFT-B,False,v2.4.1
EVT-000108,MCH-015,DOWNTIME_EVENT,1.0,count,2024-06-23T10:43:00.000Z,PACKAGING-01,SHIFT-C,False,v2.4.1
EVT-000109,MCH-016,DEFECT_COUNT,5,count,2024-06-03T20:41:00.000Z,ASSEMBLY-LINE-02,SHIFT-A,False,v2.4.1
EVT-000110,MCH-011,CYCLE_TIME_SECONDS,19.7,count,2024-06-24T18:22:00.000Z,PACKAGING-01,SHIFT-C,False,v2.4.1
EVT-000111,MCH-001,DOWNTIME_MINUTES,9.9,count,2024-07-21T20:08:00.000Z,SMT-LINE-01,SHIFT-A,False,v2.4.1
EVT-000112,MCH-018,CYCLE_COUNT,256,count,2024-07-15T17:18:00.000Z,ASSEMBLY-LINE-02,SHIFT-C,False,v2.4.1
EVT-000113,MCH-001,PRESSURE,4.116,bar,2024-07-12T01:03:00.000Z,SMT-LINE-02,SHIFT-B,False,v2.4.1
EVT-000114,MCH-016,DOWNTIME_MINUTES,2.5,count,2024-07-04T20:08:00.000Z,ASSEMBLY-LINE-02,SHIFT-C,False,v2.4.1
EVT-000115,MCH-015,CYCLE_TIME_SECONDS,20.4,count,2024-07-03T06:32:00.000Z,ASSEMBLY-LINE-01,SHIFT-B,False,v2.4.1
EVT-000116,MCH-007,DEFECT_COUNT,3,count,2024-08-05T21:40:00.000Z,PACKAGING-01,SHIFT-C,False,v2.4.1
EVT-000117,MCH-016,CYCLE_TIME_SECONDS,16.9,count,2024-06-20T22:41:00.000Z,PACKAGING-01,SHIFT-C,False,v2.4.1
EVT-000118,MCH-007,CYCLE_TIME_SECONDS,11.2,count,2024-06-10T09:36:00.000Z,SMT-LINE-02,SHIFT-B,False,v2.4.1
EVT-000119,MCH-018,VIBRATION,0.1035,count,2024-06-02T12:54:00.000Z,PACKAGING-01,SHIFT-B,False,v2.4.1
EVT-000120,MCH-016,PRESSURE,5.002,bar,2024-06-12T17:51:00.000Z,SMT-LINE-01,SHIFT-C,False,v2.4.1
EVT-000121,MCH-015,DEFECT_COUNT,5,count,2024-07-14T19:46:00.000Z,SMT-LINE-01,SHIFT-B,False,v2.4.1
EVT-000122,MCH-004,PRESSURE,4.104,bar,2024-07-14T17:36:00.000Z,SMT-LINE-01,SHIFT-A,False,v2.4.1
EVT-000123,MCH-010,PRESSURE,4.269,bar,2024-07-22T11:32:00.000Z,SMT-LINE-02,SHIFT-A,False,v2.4.1
EVT-000124,MCH-020,DOWNTIME_EVENT,1.0,count,2024-07-09T03:08:00.000Z,PACKAGING-01,SHIFT-A,False,v2.4.1
EVT-000125,MCH-015,TOTAL_OUTPUT,299,count,2024-07-05T20:56:00.000Z,PACKAGING-01,SHIFT-B,False,v2.4.1
EVT-000126,MCH-002,DOWNTIME_EVENT,1.0,count,2024-07-27T18:39:00.000Z,SMT-LINE-01,SHIFT-A,False,v2.4.1
EVT-000127,MCH-003,VIBRATION,0.1232,count,2024-06-25T08:07:00.000Z,SMT-LINE-02,SHIFT-A,False,v2.4.1
EVT-000128,MCH-020,TOTAL_OUTPUT,299,count,2024-08-02T23:57:00.000Z,SMT-LINE-01,SHIFT-A,False,v2.4.1
EVT-000129,MCH-015,PRESSURE,4.579,bar,2024-06-26T23:36:00.000Z,SMT-LINE-02,SHIFT-B,False,v2.4.1
EVT-000130,MCH-019,CYCLE_COUNT,188,count,2024-07-28T03:27:00.000Z,SMT-LINE-01,SHIFT-C,False,v2.4.1
EVT-000131,MCH-009,VIBRATION,0.1417,count,2024-06-14T19:28:00.000Z,ASSEMBLY-LINE-01,SHIFT-C,False,v2.4.1
EVT-000132,MCH-010,TOTAL_OUTPUT,293,count,2024-07-23T01:27:00.000Z,ASSEMBLY-LINE-02,SHIFT-C,False,v2.4.1
EVT-000133,MCH-009,DOWNTIME_MINUTES,2.6,count,2024-07-07T21:17:00.000Z,ASSEMBLY-LINE-02,SHIFT-A,False,v2.4.1
EVT-000134,MCH-014,DEFECT_COUNT,8,count,2024-08-21T04:58:00.000Z,SMT-LINE-01,SHIFT-A,False,v2.4.1
EVT-000135,MCH-019,DOWNTIME_EVENT,1.0,count,2024-08-01T15:01:00.000Z,SMT-LINE-01,SHIFT-C,False,v2.4.1
EVT-000136,MCH-002,VIBRATION,0.1305,count,2024-07-23T16:49:00.000Z,ASSEMBLY-LINE-02,SHIFT-C,False,v2.4.1
EVT-000137,MCH-009,VIBRATION,0.1628,count,2024-08-23T15:11:00.000Z,ASSEMBLY-LINE-02,SHIFT-A,False,v2.4.1
EVT-000138,MCH-011,DEFECT_COUNT,3,count,2024-07-08T10:03:00.000Z,SMT-LINE-02,SHIFT-B,False,v2.4.1
EVT-000139,MCH-010,GOOD_UNITS,306,count,2024-07-16T08:22:00.000Z,PACKAGING-01,SHIFT-A,False,v2.4.1
EVT-000140,MCH-009,DEFECT_COUNT,3,count,2024-06-29T21:04:00.000Z,ASSEMBLY-LINE-02,SHIFT-C,False,v2.4.1
EVT-000141,MCH-018,TOTAL_OUTPUT,303,count,2024-06-01T08:30:00.000Z,SMT-LINE-01,SHIFT-A,False,v2.4.1
EVT-000142,MCH-016,TOTAL_OUTPUT,314,count,2024-07-27T22:09:00.000Z,SMT-LINE-01,SHIFT-A,False,v2.4.1
EVT-000143,MCH-010,TOTAL_OUTPUT,318,count,2024-06-13T04:12:00.000Z,ASSEMBLY-LINE-02,SHIFT-A,True,v2.4.1
EVT-000144,MCH-020,CYCLE_COUNT,261,count,2024-07-28T14:18:00.000Z,SMT-LINE-02,SHIFT-B,False,v2.4.1
EVT-000145,MCH-014,PRESSURE,4.194,bar,2024-07-21T12:24:00.000Z,SMT-LINE-02,SHIFT-A,False,v2.4.1
EVT-000146,MCH-005,TOTAL_OUTPUT,319,count,2024-06-11T22:36:00.000Z,ASSEMBLY-LINE-01,SHIFT-C,False,v2.4.1
EVT-000147,MCH-016,TOTAL_OUTPUT,297,count,2024-07-09T01:39:00.000Z,ASSEMBLY-LINE-02,SHIFT-C,False,v2.4.1
EVT-000148,MCH-020,DOWNTIME_MINUTES,4.6,count,2024-06-18T14:23:00.000Z,SMT-LINE-02,SHIFT-A,False,v2.4.1
EVT-000149,MCH-014,DEFECT_COUNT,8,count,2024-08-12T03:47:00.000Z,SMT-LINE-01,SHIFT-B,False,v2.4.1
EVT-000150,MCH-019,DOWNTIME_EVENT,1.0,count,2024-08-16T11:29:00.000Z,ASSEMBLY-LINE-02,SHIFT-A,False,v2.4.1
EVT-000151,MCH-012,DEFECT_COUNT,12,count,2024-07-15T08:03:00.000Z,ASSEMBLY-LINE-02,SHIFT-B,False,v2.4.1
EVT-000152,MCH-008,DOWNTIME_EVENT,1.0,count,2024-08-29T12:32:00.000Z,ASSEMBLY-LINE-02,SHIFT-A,False,v2.4.1
EVT-000153,MCH-002,DEFECT_COUNT,15,count,2024-07-08T15:21:00.000Z,ASSEMBLY-LINE-02,SHIFT-B,False,v2.4.1
EVT-000154,MCH-005,TOTAL_OUTPUT,320,count,2024-08-12T09:00:00.000Z,SMT-LINE-01,SHIFT-A,False,v2.4.1
EVT-000155,MCH-011,PRESSURE,4.427,bar,2024-07-24T23:16:00.000Z,PACKAGING-01,SHIFT-B,True,v2.4.1
EVT-000156,MCH-014,VIBRATION,0.0894,count,2024-06-14T08:54:00.000Z,SMT-LINE-01,SHIFT-B,False,v2.4.1
EVT-000157,MCH-011,DOWNTIME_EVENT,1.0,count,2024-06-25T08:57:00.000Z,ASSEMBLY-LINE-02,SHIFT-C,False,v2.4.1
EVT-000158,MCH-018,GOOD_UNITS,310,count,2024-07-01T03:45:00.000Z,ASSEMBLY-LINE-01,SHIFT-C,False,v2.4.1
EVT-000159,MCH-016,DOWNTIME_MINUTES,0.1,count,2024-08-09T08:56:00.000Z,SMT-LINE-01,SHIFT-A,False,v2.4.1
EVT-000160,MCH-010,CYCLE_COUNT,271,count,2024-08-24T01:48:00.000Z,SMT-LINE-01,SHIFT-B,False,v2.4.1
EVT-000161,MCH-004,TOTAL_OUTPUT,295,count,2024-08-09T11:03:00.000Z,ASSEMBLY-LINE-01,SHIFT-A,False,v2.4.1
EVT-000162,MCH-002,CYCLE_TIME_SECONDS,16.3,count,2024-08-12T17:12:00.000Z,SMT-LINE-02,SHIFT-C,False,v2.4.1
EVT-000163,MCH-006,VIBRATION,0.153,count,2024-08-02T07:24:00.000Z,SMT-LINE-02,SHIFT-A,False,v2.4.1
EVT-000164,MCH-020,CYCLE_COUNT,207,count,2024-07-06T01:40:00.000Z,PACKAGING-01,SHIFT-A,False,v2.4.1
EVT-000165,MCH-009,TOTAL_OUTPUT,298,count,2024-07-29T07:31:00.000Z,SMT-LINE-01,SHIFT-B,False,v2.4.1
EVT-000166,MCH-018,VIBRATION,0.2062,count,2024-08-01T22:15:00.000Z,PACKAGING-01,SHIFT-B,False,v2.4.1
EVT-000167,MCH-009,TOTAL_OUTPUT,317,count,2024-07-09T20:55:00.000Z,ASSEMBLY-LINE-01,SHIFT-A,False,v2.4.1
EVT-000168,MCH-016,PRESSURE,4.524,bar,2024-08-17T22:08:00.000Z,SMT-LINE-02,SHIFT-B,False,v2.4.1
EVT-000169,MCH-010,CYCLE_TIME_SECONDS,22.7,count,2024-07-23T13:41:00.000Z,ASSEMBLY-LINE-02,SHIFT-B,True,v2.4.1
EVT-000170,MCH-002,DOWNTIME_EVENT,1.0,count,2024-08-18T23:46:00.000Z,ASSEMBLY-LINE-02,SHIFT-B,False,v2.4.1
EVT-000171,MCH-020,DEFECT_COUNT,7,count,2024-06-22T04:42:00.000Z,SMT-LINE-02,SHIFT-C,False,v2.4.1
EVT-000172,MCH-005,PRESSURE,4.278,bar,2024-08-09T00:35:00.000Z,SMT-LINE-01,SHIFT-B,False,v2.4.1
EVT-000173,MCH-019,DEFECT_COUNT,4,count,2024-06-04T06:53:00.000Z,SMT-LINE-01,SHIFT-B,False,v2.4.1
EVT-000174,MCH-006,CYCLE_COUNT,113,count,2024-07-09T01:40:00.000Z,PACKAGING-01,SHIFT-B,False,v2.4.1
EVT-000175,MCH-009,VIBRATION,0.1167,count,2024-08-23T09:32:00.000Z,ASSEMBLY-LINE-02,SHIFT-B,False,v2.4.1
EVT-000176,MCH-004,TOTAL_OUTPUT,320,count,2024-07-02T01:56:00.000Z,SMT-LINE-01,SHIFT-A,False,v2.4.1
EVT-000177,MCH-013,DOWNTIME_MINUTES,1.5,count,2024-06-21T18:51:00.000Z,ASSEMBLY-LINE-02,SHIFT-A,False,v2.4.1
EVT-000178,MCH-015,DEFECT_COUNT,8,count,2024-06-12T11:59:00.000Z,PACKAGING-01,SHIFT-B,False,v2.4.1
EVT-000179,MCH-012,PRESSURE,4.759,bar,2024-08-25T20:05:00.000Z,SMT-LINE-02,SHIFT-B,True,v2.4.1
EVT-000180,MCH-018,DEFECT_COUNT,7,count,2024-08-20T17:38:00.000Z,SMT-LINE-01,SHIFT-C,False,v2.4.1
EVT-000181,MCH-010,GOOD_UNITS,283,count,2024-08-23T00:35:00.000Z,SMT-LINE-02,SHIFT-A,False,v2.4.1
EVT-000182,MCH-016,PRESSURE,4.714,bar,2024-06-28T22:53:00.000Z,SMT-LINE-02,SHIFT-B,False,v2.4.1
EVT-000183,MCH-018,GOOD_UNITS,298,count,2024-08-01T06:41:00.000Z,SMT-LINE-02,SHIFT-B,False,v2.4.1
EVT-000184,MCH-016,DOWNTIME_EVENT,1.0,count,2024-08-16T03:13:00.000Z,ASSEMBLY-LINE-02,SHIFT-B,False,v2.4.1
EVT-000185,MCH-007,TOTAL_OUTPUT,304,count,2024-07-04T23:26:00.000Z,SMT-LINE-02,SHIFT-B,False,v2.4.1
EVT-000186,MCH-012,DOWNTIME_MINUTES,7.7,count,2024-08-02T15:53:00.000Z,ASSEMBLY-LINE-01,SHIFT-A,False,v2.4.1
EVT-000187,MCH-004,TOTAL_OUTPUT,292,count,2024-06-18T12:38:00.000Z,SMT-LINE-02,SHIFT-C,False,v2.4.1
EVT-000188,MCH-001,TEMPERATURE,81.58,celsius,2024-08-28T15:23:00.000Z,ASSEMBLY-LINE-01,SHIFT-A,False,v2.4.1
EVT-000189,MCH-019,CYCLE_COUNT,97,count,2024-08-11T21:10:00.000Z,PACKAGING-01,SHIFT-A,False,v2.4.1
EVT-000190,MCH-008,DEFECT_COUNT,4,count,2024-08-14T06:08:00.000Z,PACKAGING-01,SHIFT-A,False,v2.4.1
EVT-000191,MCH-005,VIBRATION,0.0507,count,2024-08-29T19:38:00.000Z,SMT-LINE-01,SHIFT-C,False,v2.4.1
EVT-000192,MCH-001,DEFECT_COUNT,7,count,2024-06-13T05:55:00.000Z,PACKAGING-01,SHIFT-B,True,v2.4.1
EVT-000193,MCH-002,VIBRATION,0.1021,count,2024-06-25T09:42:00.000Z,ASSEMBLY-LINE-02,SHIFT-C,False,v2.4.1
EVT-000194,MCH-016,TOTAL_OUTPUT,314,count,2024-06-07T00:50:00.000Z,ASSEMBLY-LINE-01,SHIFT-C,False,v2.4.1
EVT-000195,MCH-017,CYCLE_COUNT,237,count,2024-07-12T09:25:00.000Z,SMT-LINE-01,SHIFT-C,False,v2.4.1
EVT-000196,MCH-017,CYCLE_TIME_SECONDS,11.8,count,2024-08-19T03:56:00.000Z,SMT-LINE-01,SHIFT-B,False,v2.4.1
EVT-000197,MCH-004,TOTAL_OUTPUT,312,count,2024-07-10T01:12:00.000Z,ASSEMBLY-LINE-02,SHIFT-A,False,v2.4.1
EVT-000198,MCH-020,VIBRATION,0.1469,count,2024-06-30T13:39:00.000Z,SMT-LINE-01,SHIFT-A,False,v2.4.1
EVT-000199,MCH-019,DOWNTIME_MINUTES,4.2,count,2024-07-28T20:58:00.000Z,ASSEMBLY-LINE-02,SHIFT-C,False,v2.4.1
EVT-000200,MCH-017,DOWNTIME_EVENT,1.0,count,2024-07-12T13:09:00.000Z,ASSEMBLY-LINE-02,SHIFT-A,False,v2.4.1
EVT-000201,MCH-018,CYCLE_COUNT,190,count,2024-06-11T15:56:00.000Z,ASSEMBLY-LINE-02,SHIFT-A,False,v2.4.1
EVT-000202,MCH-015,GOOD_UNITS,293,count,2024-08-15T13:31:00.000Z,SMT-LINE-01,SHIFT-B,False,v2.4.1
EVT-000203,MCH-009,DEFECT_COUNT,4,count,2024-07-31T18:57:00.000Z,ASSEMBLY-LINE-02,SHIFT-A,False,v2.4.1
EVT-000204,MCH-003,GOOD_UNITS,283,count,2024-06-09T00:28:00.000Z,ASSEMBLY-LINE-01,SHIFT-A,False,v2.4.1
EVT-000205,MCH-018,DOWNTIME_MINUTES,1.3,count,2024-07-24T15:09:00.000Z,SMT-LINE-01,SHIFT-B,False,v2.4.1
EVT-000206,MCH-014,TEMPERATURE,82.62,celsius,2024-07-31T19:27:00.000Z,ASSEMBLY-LINE-01,SHIFT-A,False,v2.4.1
EVT-000207,MCH-005,TOTAL_OUTPUT,297,count,2024-06-20T14:44:00.000Z,SMT-LINE-01,SHIFT-B,False,v2.4.1
EVT-000208,MCH-004,CYCLE_TIME_SECONDS,17.3,count,2024-07-04T16:56:00.000Z,PACKAGING-01,SHIFT-A,False,v2.4.1
EVT-000209,MCH-018,DOWNTIME_EVENT,1.0,count,2024-08-17T04:16:00.000Z,PACKAGING-01,SHIFT-C,False,v2.4.1
EVT-000210,MCH-020,CYCLE_TIME_SECONDS,20.0,count,2024-06-03T15:21:00.000Z,ASSEMBLY-LINE-01,SHIFT-B,False,v2.4.1
EVT-000211,MCH-005,DOWNTIME_EVENT,1.0,count,2024-06-17T18:17:00.000Z,ASSEMBLY-LINE-02,SHIFT-A,False,v2.4.1
EVT-000212,MCH-001,PRESSURE,4.243,bar,2024-07-28T21:11:00.000Z,PACKAGING-01,SHIFT-A,False,v2.4.1
EVT-000213,MCH-011,VIBRATION,0.0762,count,2024-07-12T13:00:00.000Z,PACKAGING-01,SHIFT-C,False,v2.4.1
EVT-000214,MCH-005,VIBRATION,0.1666,count,2024-06-06T00:55:00.000Z,PACKAGING-01,SHIFT-A,False,v2.4.1
EVT-000215,MCH-015,GOOD_UNITS,295,count,2024-06-26T00:25:00.000Z,PACKAGING-01,SHIFT-B,False,v2.4.1
EVT-000216,MCH-017,PRESSURE,4.118,bar,2024-06-20T20:55:00.000Z,PACKAGING-01,SHIFT-B,False,v2.4.1
EVT-000217,MCH-002,CYCLE_COUNT,181,count,2024-06-29T07:45:00.000Z,PACKAGING-01,SHIFT-A,True,v2.4.1
EVT-000218,MCH-007,VIBRATION,0.136,count,2024-06-28T16:27:00.000Z,ASSEMBLY-LINE-01,SHIFT-B,False,v2.4.1
EVT-000219,MCH-016,GOOD_UNITS,285,count,2024-06-01T22:53:00.000Z,SMT-LINE-02,SHIFT-B,False,v2.4.1
EVT-000220,MCH-017,DOWNTIME_MINUTES,6.0,count,2024-06-22T04:41:00.000Z,ASSEMBLY-LINE-01,SHIFT-A,False,v2.4.1
EVT-000221,MCH-002,GOOD_UNITS,280,count,2024-08-07T19:00:00.000Z,ASSEMBLY-LINE-02,SHIFT-A,False,v2.4.1
EVT-000222,MCH-014,DOWNTIME_EVENT,1.0,count,2024-07-23T15:45:00.000Z,ASSEMBLY-LINE-02,SHIFT-C,False,v2.4.1
EVT-000223,MCH-004,GOOD_UNITS,280,count,2024-06-27T14:27:00.000Z,ASSEMBLY-LINE-01,SHIFT-A,False,v2.4.1
EVT-000224,MCH-015,DEFECT_COUNT,2,count,2024-07-27T12:18:00.000Z,ASSEMBLY-LINE-02,SHIFT-A,False,v2.4.1
EVT-000225,MCH-013,DOWNTIME_MINUTES,0.3,count,2024-07-24T20:24:00.000Z,ASSEMBLY-LINE-01,SHIFT-C,False,v2.4.1
EVT-000226,MCH-006,PRESSURE,4.053,bar,2024-07-01T13:35:00.000Z,PACKAGING-01,SHIFT-A,False,v2.4.1
EVT-000227,MCH-012,VIBRATION,0.1187,count,2024-07-03T01:13:00.000Z,SMT-LINE-02,SHIFT-A,False,v2.4.1
EVT-000228,MCH-006,DOWNTIME_EVENT,1.0,count,2024-06-19T04:56:00.000Z,SMT-LINE-02,SHIFT-C,False,v2.4.1
EVT-000229,MCH-016,TOTAL_OUTPUT,314,count,2024-08-26T20:07:00.000Z,PACKAGING-01,SHIFT-C,False,v2.4.1
EVT-000230,MCH-019,DOWNTIME_EVENT,1.0,count,2024-08-24T08:50:00.000Z,ASSEMBLY-LINE-01,SHIFT-C,False,v2.4.1
EVT-000231,MCH-003,TOTAL_OUTPUT,304,count,2024-07-11T06:40:00.000Z,ASSEMBLY-LINE-01,SHIFT-B,False,v2.4.1
EVT-000232,MCH-017,PRESSURE,4.078,bar,2024-07-03T06:49:00.000Z,SMT-LINE-01,SHIFT-B,False,v2.4.1
EVT-000233,MCH-003,DOWNTIME_EVENT,1.0,count,2024-06-08T05:37:00.000Z,PACKAGING-01,SHIFT-C,False,v2.4.1
EVT-000234,MCH-018,TEMPERATURE,80.15,celsius,2024-07-24T01:44:00.000Z,ASSEMBLY-LINE-02,SHIFT-C,False,v2.4.1
EVT-000235,MCH-020,TOTAL_OUTPUT,306,count,2024-06-30T12:23:00.000Z,SMT-LINE-02,SHIFT-A,False,v2.4.1
EVT-000236,MCH-011,PRESSURE,4.015,bar,2024-08-14T01:35:00.000Z,SMT-LINE-02,SHIFT-C,False,v2.4.1
EVT-000237,MCH-017,DOWNTIME_MINUTES,3.1,count,2024-07-11T05:55:00.000Z,ASSEMBLY-LINE-01,SHIFT-B,False,v2.4.1
EVT-000238,MCH-014,DEFECT_COUNT,1,count,2024-07-06T12:19:00.000Z,ASSEMBLY-LINE-01,SHIFT-A,False,v2.4.1
EVT-000239,MCH-013,CYCLE_TIME_SECONDS,18.0,count,2024-07-22T00:53:00.000Z,ASSEMBLY-LINE-01,SHIFT-C,False,v2.4.1
EVT-000240,MCH-020,VIBRATION,0.0935,count,2024-08-28T00:47:00.000Z,SMT-LINE-02,SHIFT-B,False,v2.4.1
EVT-000241,MCH-013,VIBRATION,0.1658,count,2024-07-30T23:10:00.000Z,PACKAGING-01,SHIFT-C,False,v2.4.1
EVT-000242,MCH-018,GOOD_UNITS,300,count,2024-06-29T10:17:00.000Z,ASSEMBLY-LINE-01,SHIFT-A,False,v2.4.1
EVT-000243,MCH-017,PRESSURE,4.009,bar,2024-08-15T16:53:00.000Z,ASSEMBLY-LINE-01,SHIFT-A,False,v2.4.1
EVT-000244,MCH-007,DEFECT_COUNT,15,count,2024-06-17T15:47:00.000Z,SMT-LINE-02,SHIFT-A,False,v2.4.1
EVT-000245,MCH-003,CYCLE_TIME_SECONDS,15.9,count,2024-06-15T08:28:00.000Z,SMT-LINE-01,SHIFT-C,False,v2.4.1
EVT-000246,MCH-017,TEMPERATURE,63.4,celsius,2024-08-16T06:20:00.000Z,PACKAGING-01,SHIFT-A,False,v2.4.1
EVT-000247,MCH-006,VIBRATION,0.0504,count,2024-06-15T06:58:00.000Z,PACKAGING-01,SHIFT-A,False,v2.4.1
EVT-000248,MCH-014,DEFECT_COUNT,7,count,2024-06-05T05:26:00.000Z,ASSEMBLY-LINE-02,SHIFT-C,False,v2.4.1
EVT-000249,MCH-015,CYCLE_COUNT,216,count,2024-08-08T09:12:00.000Z,SMT-LINE-02,SHIFT-B,False,v2.4.1
EVT-000250,MCH-016,CYCLE_COUNT,174,count,2024-08-11T15:28:00.000Z,PACKAGING-01,SHIFT-B,False,v2.4.1
EVT-000251,MCH-013,DOWNTIME_MINUTES,2.5,count,2024-06-26T21:32:00.000Z,SMT-LINE-02,SHIFT-A,False,v2.4.1
EVT-000252,MCH-009,TEMPERATURE,61.71,celsius,2024-06-13T20:20:00.000Z,PACKAGING-01,SHIFT-A,False,v2.4.1
EVT-000253,MCH-004,CYCLE_TIME_SECONDS,14.1,count,2024-07-18T05:01:00.000Z,SMT-LINE-01,SHIFT-A,False,v2.4.1
EVT-000254,MCH-017,VIBRATION,0.1286,count,2024-08-22T15:40:00.000Z,SMT-LINE-02,SHIFT-B,False,v2.4.1
EVT-000255,MCH-001,GOOD_UNITS,281,count,2024-08-24T22:38:00.000Z,ASSEMBLY-LINE-02,SHIFT-C,False,v2.4.1
EVT-000256,MCH-003,DEFECT_COUNT,7,count,2024-07-06T09:35:00.000Z,SMT-LINE-01,SHIFT-B,False,v2.4.1
EVT-000257,MCH-011,VIBRATION,0.1047,count,2024-08-16T15:12:00.000Z,SMT-LINE-02,SHIFT-A,False,v2.4.1
EVT-000258,MCH-016,VIBRATION,0.1225,count,2024-08-15T18:38:00.000Z,PACKAGING-01,SHIFT-A,False,v2.4.1
EVT-000259,MCH-009,CYCLE_COUNT,293,count,2024-06-02T23:30:00.000Z,SMT-LINE-02,SHIFT-C,False,v2.4.1
EVT-000260,MCH-017,GOOD_UNITS,283,count,2024-07-26T16:07:00.000Z,ASSEMBLY-LINE-01,SHIFT-A,False,v2.4.1
EVT-000261,MCH-008,GOOD_UNITS,300,count,2024-06-05T14:18:00.000Z,PACKAGING-01,SHIFT-B,False,v2.4.1
EVT-000262,MCH-016,DOWNTIME_EVENT,1.0,count,2024-08-16T09:46:00.000Z,PACKAGING-01,SHIFT-A,False,v2.4.1
EVT-000263,MCH-008,VIBRATION,0.0751,count,2024-07-23T14:12:00.000Z,ASSEMBLY-LINE-01,SHIFT-B,True,v2.4.1
EVT-000264,MCH-008,DOWNTIME_EVENT,1.0,count,2024-07-03T08:44:00.000Z,ASSEMBLY-LINE-02,SHIFT-A,False,v2.4.1
EVT-000265,MCH-017,DEFECT_COUNT,2,count,2024-06-09T01:01:00.000Z,PACKAGING-01,SHIFT-C,False,v2.4.1
EVT-000266,MCH-017,DOWNTIME_MINUTES,0.1,count,2024-08-30T05:02:00.000Z,ASSEMBLY-LINE-02,SHIFT-A,False,v2.4.1
EVT-000267,MCH-012,CYCLE_TIME_SECONDS,18.0,count,2024-08-29T13:06:00.000Z,SMT-LINE-01,SHIFT-B,False,v2.4.1
EVT-000268,MCH-004,DOWNTIME_EVENT,1.0,count,2024-07-31T01:27:00.000Z,ASSEMBLY-LINE-01,SHIFT-A,False,v2.4.1
EVT-000269,MCH-011,VIBRATION,0.0824,count,2024-07-20T22:47:00.000Z,ASSEMBLY-LINE-02,SHIFT-C,False,v2.4.1
EVT-000270,MCH-005,PRESSURE,4.048,bar,2024-06-17T20:11:00.000Z,SMT-LINE-01,SHIFT-B,False,v2.4.1
EVT-000271,MCH-007,TEMPERATURE,53.25,celsius,2024-08-12T06:12:00.000Z,ASSEMBLY-LINE-01,SHIFT-B,False,v2.4.1
EVT-000272,MCH-018,TOTAL_OUTPUT,298,count,2024-08-14T11:16:00.000Z,SMT-LINE-01,SHIFT-C,False,v2.4.1
EVT-000273,MCH-002,DEFECT_COUNT,8,count,2024-07-03T17:49:00.000Z,SMT-LINE-01,SHIFT-B,False,v2.4.1
EVT-000274,MCH-015,GOOD_UNITS,290,count,2024-07-07T15:51:00.000Z,SMT-LINE-02,SHIFT-B,False,v2.4.1
EVT-000275,MCH-017,CYCLE_TIME_SECONDS,19.3,count,2024-07-04T16:28:00.000Z,SMT-LINE-01,SHIFT-B,False,v2.4.1
EVT-000276,MCH-006,DOWNTIME_MINUTES,1.2,count,2024-08-15T02:25:00.000Z,SMT-LINE-01,SHIFT-A,False,v2.4.1
EVT-000277,MCH-010,TOTAL_OUTPUT,309,count,2024-06-28T03:50:00.000Z,ASSEMBLY-LINE-02,SHIFT-A,False,v2.4.1
EVT-000278,MCH-015,TEMPERATURE,59.77,celsius,2024-07-03T05:57:00.000Z,ASSEMBLY-LINE-01,SHIFT-C,False,v2.4.1
EVT-000279,MCH-002,PRESSURE,4.054,bar,2024-06-26T05:46:00.000Z,PACKAGING-01,SHIFT-C,False,v2.4.1
EVT-000280,MCH-001,VIBRATION,0.0841,count,2024-08-26T23:24:00.000Z,PACKAGING-01,SHIFT-C,False,v2.4.1
EVT-000281,MCH-005,PRESSURE,4.238,bar,2024-06-04T10:01:00.000Z,ASSEMBLY-LINE-01,SHIFT-B,False,v2.4.1
EVT-000282,MCH-020,VIBRATION,0.1774,count,2024-06-04T04:44:00.000Z,ASSEMBLY-LINE-02,SHIFT-B,False,v2.4.1
EVT-000283,MCH-003,DOWNTIME_EVENT,1.0,count,2024-08-09T16:59:00.000Z,SMT-LINE-02,SHIFT-C,False,v2.4.1
EVT-000284,MCH-009,CYCLE_COUNT,109,count,2024-06-29T20:47:00.000Z,SMT-LINE-01,SHIFT-C,False,v2.4.1
EVT-000285,MCH-013,DOWNTIME_MINUTES,0.4,count,2024-07-18T09:01:00.000Z,ASSEMBLY-LINE-01,SHIFT-C,False,v2.4.1
EVT-000286,MCH-010,TOTAL_OUTPUT,296,count,2024-07-26T22:39:00.000Z,SMT-LINE-01,SHIFT-A,False,v2.4.1
EVT-000287,MCH-006,TOTAL_OUTPUT,292,count,2024-07-12T09:30:00.000Z,ASSEMBLY-LINE-01,SHIFT-C,False,v2.4.1
EVT-000288,MCH-018,DOWNTIME_MINUTES,1.1,count,2024-06-07T03:51:00.000Z,ASSEMBLY-LINE-01,SHIFT-A,False,v2.4.1
EVT-000289,MCH-006,DEFECT_COUNT,7,count,2024-08-24T15:46:00.000Z,SMT-LINE-01,SHIFT-A,False,v2.4.1
EVT-000290,MCH-016,TEMPERATURE,65.31,celsius,2024-06-22T19:09:00.000Z,ASSEMBLY-LINE-02,SHIFT-C,False,v2.4.1
EVT-000291,MCH-003,PRESSURE,4.5,bar,2024-08-20T17:39:00.000Z,ASSEMBLY-LINE-01,SHIFT-B,False,v2.4.1
EVT-000292,MCH-016,DOWNTIME_MINUTES,1.8,count,2024-08-05T16:23:00.000Z,ASSEMBLY-LINE-02,SHIFT-C,False,v2.4.1
EVT-000293,MCH-011,PRESSURE,3.769,bar,2024-08-28T18:11:00.000Z,ASSEMBLY-LINE-01,SHIFT-A,False,v2.4.1
EVT-000294,MCH-018,DOWNTIME_EVENT,1.0,count,2024-08-11T06:30:00.000Z,SMT-LINE-02,SHIFT-A,False,v2.4.1
EVT-000295,MCH-002,PRESSURE,4.34,bar,2024-08-23T03:28:00.000Z,PACKAGING-01,SHIFT-A,False,v2.4.1
EVT-000296,MCH-011,CYCLE_COUNT,168,count,2024-06-15T23:49:00.000Z,PACKAGING-01,SHIFT-B,False,v2.4.1
EVT-000297,MCH-007,DOWNTIME_MINUTES,1.1,count,2024-06-24T01:27:00.000Z,ASSEMBLY-LINE-01,SHIFT-C,False,v2.4.1
EVT-000298,MCH-006,DOWNTIME_EVENT,1.0,count,2024-07-16T23:53:00.000Z,PACKAGING-01,SHIFT-A,False,v2.4.1
EVT-000299,MCH-020,DEFECT_COUNT,1,count,2024-07-28T02:11:00.000Z,SMT-LINE-01,SHIFT-A,False,v2.4.1
EVT-000300,MCH-019,CYCLE_TIME_SECONDS,15.5,count,2024-07-29T15:16:00.000Z,ASSEMBLY-LINE-02,SHIFT-C,False,v2.4.1
EVT-000301,MCH-018,CYCLE_TIME_SECONDS,14.5,count,2024-07-16T13:58:00.000Z,ASSEMBLY-LINE-01,SHIFT-B,False,v2.4.1
EVT-000302,MCH-013,CYCLE_TIME_SECONDS,14.3,count,2024-08-13T17:40:00.000Z,SMT-LINE-02,SHIFT-B,False,v2.4.1
EVT-000303,MCH-007,DEFECT_COUNT,4,count,2024-07-13T12:35:00.000Z,ASSEMBLY-LINE-01,SHIFT-C,False,v2.4.1
EVT-000304,MCH-012,GOOD_UNITS,284,count,2024-08-30T04:22:00.000Z,ASSEMBLY-LINE-01,SHIFT-C,False,v2.4.1
EVT-000305,MCH-008,TOTAL_OUTPUT,293,count,2024-06-30T07:07:00.000Z,ASSEMBLY-LINE-01,SHIFT-B,False,v2.4.1
EVT-000306,MCH-002,CYCLE_TIME_SECONDS,19.1,count,2024-06-10T01:29:00.000Z,ASSEMBLY-LINE-02,SHIFT-C,False,v2.4.1
EVT-000307,MCH-006,DEFECT_COUNT,10,count,2024-08-27T21:01:00.000Z,SMT-LINE-02,SHIFT-A,False,v2.4.1
EVT-000308,MCH-015,TOTAL_OUTPUT,318,count,2024-07-18T02:26:00.000Z,ASSEMBLY-LINE-01,SHIFT-B,True,v2.4.1
EVT-000309,MCH-013,DOWNTIME_MINUTES,2.0,count,2024-08-26T06:53:00.000Z,SMT-LINE-02,SHIFT-A,False,v2.4.1
EVT-000310,MCH-002,CYCLE_TIME_SECONDS,12.8,count,2024-06-05T16:17:00.000Z,ASSEMBLY-LINE-02,SHIFT-B,False,v2.4.1
EVT-000311,MCH-004,GOOD_UNITS,284,count,2024-08-17T08:40:00.000Z,ASSEMBLY-LINE-01,SHIFT-C,False,v2.4.1
EVT-000312,MCH-012,TEMPERATURE,72.53,celsius,2024-07-07T22:55:00.000Z,ASSEMBLY-LINE-02,SHIFT-A,False,v2.4.1
EVT-000313,MCH-012,DOWNTIME_MINUTES,1.1,count,2024-06-18T23:13:00.000Z,ASSEMBLY-LINE-02,SHIFT-C,False,v2.4.1
EVT-000314,MCH-009,DOWNTIME_EVENT,1.0,count,2024-07-21T07:10:00.000Z,PACKAGING-01,SHIFT-A,False,v2.4.1
EVT-000315,MCH-013,DEFECT_COUNT,10,count,2024-06-10T01:12:00.000Z,PACKAGING-01,SHIFT-B,False,v2.4.1
EVT-000316,MCH-020,DOWNTIME_MINUTES,1.7,count,2024-06-19T08:50:00.000Z,SMT-LINE-01,SHIFT-A,False,v2.4.1
EVT-000317,MCH-011,TOTAL_OUTPUT,306,count,2024-08-05T04:51:00.000Z,ASSEMBLY-LINE-02,SHIFT-A,False,v2.4.1
EVT-000318,MCH-005,DEFECT_COUNT,10,count,2024-07-18T04:08:00.000Z,SMT-LINE-02,SHIFT-B,False,v2.4.1
EVT-000319,MCH-010,DOWNTIME_EVENT,1.0,count,2024-08-07T13:04:00.000Z,ASSEMBLY-LINE-01,SHIFT-C,False,v2.4.1
EVT-000320,MCH-016,DOWNTIME_EVENT,1.0,count,2024-07-19T16:54:00.000Z,ASSEMBLY-LINE-01,SHIFT-B,False,v2.4.1
EVT-000321,MCH-011,PRESSURE,4.594,bar,2024-07-04T18:41:00.000Z,SMT-LINE-01,SHIFT-C,False,v2.4.1
EVT-000322,MCH-019,DOWNTIME_EVENT,1.0,count,2024-08-28T06:35:00.000Z,SMT-LINE-02,SHIFT-C,False,v2.4.1
EVT-000323,MCH-006,DOWNTIME_MINUTES,3.3,count,2024-07-14T23:33:00.000Z,PACKAGING-01,SHIFT-B,False,v2.4.1
EVT-000324,MCH-008,TEMPERATURE,70.67,celsius,2024-08-02T05:04:00.000Z,PACKAGING-01,SHIFT-C,False,v2.4.1
EVT-000325,MCH-015,DEFECT_COUNT,13,count,2024-06-02T23:22:00.000Z,SMT-LINE-02,SHIFT-B,False,v2.4.1
EVT-000326,MCH-017,DOWNTIME_EVENT,1.0,count,2024-07-08T14:28:00.000Z,ASSEMBLY-LINE-02,SHIFT-C,False,v2.4.1
EVT-000327,MCH-005,DOWNTIME_MINUTES,0.8,count,2024-08-04T11:47:00.000Z,ASSEMBLY-LINE-01,SHIFT-C,False,v2.4.1
EVT-000328,MCH-011,VIBRATION,0.0722,count,2024-07-05T13:11:00.000Z,PACKAGING-01,SHIFT-B,False,v2.4.1
EVT-000329,MCH-009,DOWNTIME_EVENT,1.0,count,2024-08-19T05:25:00.000Z,ASSEMBLY-LINE-02,SHIFT-A,False,v2.4.1
EVT-000330,MCH-018,CYCLE_TIME_SECONDS,18.8,count,2024-06-26T15:29:00.000Z,SMT-LINE-02,SHIFT-B,False,v2.4.1
EVT-000331,MCH-007,TOTAL_OUTPUT,300,count,2024-08-04T09:52:00.000Z,ASSEMBLY-LINE-02,SHIFT-B,False,v2.4.1
EVT-000332,MCH-009,CYCLE_TIME_SECONDS,20.7,count,2024-08-25T07:24:00.000Z,ASSEMBLY-LINE-02,SHIFT-B,False,v2.4.1
EVT-000333,MCH-005,CYCLE_TIME_SECONDS,20.6,count,2024-08-27T03:22:00.000Z,SMT-LINE-01,SHIFT-B,False,v2.4.1
EVT-000334,MCH-012,TOTAL_OUTPUT,310,count,2024-06-08T10:38:00.000Z,ASSEMBLY-LINE-01,SHIFT-C,False,v2.4.1
EVT-000335,MCH-018,CYCLE_TIME_SECONDS,21.5,count,2024-06-19T15:25:00.000Z,SMT-LINE-02,SHIFT-A,False,v2.4.1
EVT-000336,MCH-008,CYCLE_COUNT,92,count,2024-07-24T15:57:00.000Z,PACKAGING-01,SHIFT-A,False,v2.4.1
EVT-000337,MCH-004,GOOD_UNITS,290,count,2024-06-06T00:40:00.000Z,ASSEMBLY-LINE-02,SHIFT-A,False,v2.4.1
EVT-000338,MCH-001,DOWNTIME_MINUTES,12.7,count,2024-06-13T18:18:00.000Z,SMT-LINE-02,SHIFT-B,False,v2.4.1
EVT-000339,MCH-016,TOTAL_OUTPUT,310,count,2024-08-20T09:48:00.000Z,SMT-LINE-02,SHIFT-B,False,v2.4.1
EVT-000340,MCH-002,PRESSURE,4.011,bar,2024-07-30T00:59:00.000Z,PACKAGING-01,SHIFT-A,False,v2.4.1
EVT-000341,MCH-002,VIBRATION,0.0537,count,2024-08-06T01:40:00.000Z,SMT-LINE-01,SHIFT-B,False,v2.4.1
EVT-000342,MCH-010,TEMPERATURE,79.53,celsius,2024-06-18T05:00:00.000Z,SMT-LINE-01,SHIFT-B,False,v2.4.1
EVT-000343,MCH-011,CYCLE_TIME_SECONDS,14.6,count,2024-06-11T00:24:00.000Z,PACKAGING-01,SHIFT-B,False,v2.4.1
EVT-000344,MCH-017,TOTAL_OUTPUT,298,count,2024-06-13T11:09:00.000Z,SMT-LINE-02,SHIFT-A,False,v2.4.1
EVT-000345,MCH-015,CYCLE_TIME_SECONDS,19.0,count,2024-08-06T19:09:00.000Z,SMT-LINE-02,SHIFT-A,False,v2.4.1
EVT-000346,MCH-010,DOWNTIME_EVENT,1.0,count,2024-08-12T05:27:00.000Z,SMT-LINE-02,SHIFT-A,False,v2.4.1
EVT-000347,MCH-013,GOOD_UNITS,296,count,2024-07-29T09:19:00.000Z,ASSEMBLY-LINE-01,SHIFT-A,False,v2.4.1
EVT-000348,MCH-006,VIBRATION,0.0272,count,2024-06-09T22:22:00.000Z,SMT-LINE-01,SHIFT-B,False,v2.4.1
EVT-000349,MCH-009,DEFECT_COUNT,9,count,2024-07-11T21:54:00.000Z,PACKAGING-01,SHIFT-C,False,v2.4.1
EVT-000350,MCH-012,CYCLE_COUNT,95,count,2024-06-25T01:22:00.000Z,SMT-LINE-01,SHIFT-B,False,v2.4.1
EVT-000351,MCH-017,CYCLE_TIME_SECONDS,18.8,count,2024-07-08T03:38:00.000Z,SMT-LINE-01,SHIFT-C,False,v2.4.1
EVT-000352,MCH-012,DOWNTIME_EVENT,1.0,count,2024-06-28T02:31:00.000Z,SMT-LINE-02,SHIFT-A,False,v2.4.1
EVT-000353,MCH-005,TOTAL_OUTPUT,313,count,2024-07-14T18:36:00.000Z,PACKAGING-01,SHIFT-B,False,v2.4.1
EVT-000354,MCH-016,DOWNTIME_MINUTES,5.4,count,2024-07-21T05:49:00.000Z,SMT-LINE-02,SHIFT-A,False,v2.4.1
EVT-000355,MCH-003,DOWNTIME_MINUTES,2.0,count,2024-07-25T11:34:00.000Z,ASSEMBLY-LINE-01,SHIFT-A,False,v2.4.1
EVT-000356,MCH-002,DOWNTIME_MINUTES,7.8,count,2024-06-11T11:07:00.000Z,SMT-LINE-02,SHIFT-C,False,v2.4.1
EVT-000357,MCH-011,DOWNTIME_MINUTES,1.9,count,2024-06-16T05:26:00.000Z,SMT-LINE-02,SHIFT-C,False,v2.4.1
EVT-000358,MCH-017,TOTAL_OUTPUT,315,count,2024-06-09T12:39:00.000Z,SMT-LINE-01,SHIFT-B,False,v2.4.1
EVT-000359,MCH-015,DOWNTIME_EVENT,1.0,count,2024-07-09T01:30:00.000Z,SMT-LINE-01,SHIFT-C,False,v2.4.1
EVT-000360,MCH-010,TEMPERATURE,60.31,celsius,2024-08-13T16:44:00.000Z,SMT-LINE-02,SHIFT-C,False,v2.4.1
EVT-000361,MCH-012,PRESSURE,4.536,bar,2024-07-09T19:34:00.000Z,PACKAGING-01,SHIFT-A,False,v2.4.1
EVT-000362,MCH-016,TEMPERATURE,70.84,celsius,2024-06-07T12:46:00.000Z,SMT-LINE-02,SHIFT-C,False,v2.4.1
EVT-000363,MCH-014,DEFECT_COUNT,12,count,2024-07-30T00:56:00.000Z,ASSEMBLY-LINE-02,SHIFT-B,False,v2.4.1
EVT-000364,MCH-018,VIBRATION,0.1445,count,2024-08-02T09:26:00.000Z,ASSEMBLY-LINE-01,SHIFT-A,False,v2.4.1
EVT-000365,MCH-013,DOWNTIME_MINUTES,0.5,count,2024-07-20T03:39:00.000Z,SMT-LINE-02,SHIFT-A,False,v2.4.1
EVT-000366,MCH-010,TOTAL_OUTPUT,311,count,2024-08-29T07:32:00.000Z,PACKAGING-01,SHIFT-B,False,v2.4.1
EVT-000367,MCH-008,CYCLE_COUNT,197,count,2024-08-15T04:39:00.000Z,ASSEMBLY-LINE-01,SHIFT-A,False,v2.4.1
EVT-000368,MCH-004,TEMPERATURE,75.04,celsius,2024-08-25T13:48:00.000Z,SMT-LINE-01,SHIFT-A,False,v2.4.1
EVT-000369,MCH-020,TEMPERATURE,64.24,celsius,2024-06-10T10:24:00.000Z,ASSEMBLY-LINE-02,SHIFT-C,False,v2.4.1
EVT-000370,MCH-002,CYCLE_COUNT,269,count,2024-08-19T15:22:00.000Z,SMT-LINE-01,SHIFT-B,False,v2.4.1
EVT-000371,MCH-007,TEMPERATURE,88.16,celsius,2024-07-20T09:07:00.000Z,SMT-LINE-02,SHIFT-C,False,v2.4.1
EVT-000372,MCH-020,DEFECT_COUNT,7,count,2024-07-23T19:30:00.000Z,ASSEMBLY-LINE-01,SHIFT-A,False,v2.4.1
EVT-000373,MCH-008,GOOD_UNITS,289,count,2024-07-18T16:41:00.000Z,ASSEMBLY-LINE-01,SHIFT-A,False,v2.4.1
EVT-000374,MCH-006,GOOD_UNITS,297,count,2024-07-25T02:30:00.000Z,ASSEMBLY-LINE-02,SHIFT-A,False,v2.4.1
EVT-000375,MCH-013,DOWNTIME_MINUTES,1.3,count,2024-08-25T22:55:00.000Z,ASSEMBLY-LINE-02,SHIFT-B,False,v2.4.1
EVT-000376,MCH-006,DOWNTIME_MINUTES,2.1,count,2024-07-05T12:23:00.000Z,SMT-LINE-02,SHIFT-B,False,v2.4.1
EVT-000377,MCH-015,TEMPERATURE,91.57,celsius,2024-06-14T09:20:00.000Z,PACKAGING-01,SHIFT-B,False,v2.4.1
EVT-000378,MCH-017,VIBRATION,0.0965,count,2024-07-21T23:24:00.000Z,ASSEMBLY-LINE-01,SHIFT-C,False,v2.4.1
EVT-000379,MCH-012,PRESSURE,4.348,bar,2024-07-12T04:34:00.000Z,PACKAGING-01,SHIFT-C,False,v2.4.1
EVT-000380,MCH-009,GOOD_UNITS,301,count,2024-06-05T22:35:00.000Z,PACKAGING-01,SHIFT-C,False,v2.4.1
EVT-000381,MCH-007,DOWNTIME_EVENT,1.0,count,2024-06-07T20:59:00.000Z,PACKAGING-01,SHIFT-A,False,v2.4.1
EVT-000382,MCH-011,CYCLE_TIME_SECONDS,18.4,count,2024-08-19T09:23:00.000Z,SMT-LINE-02,SHIFT-C,False,v2.4.1
EVT-000383,MCH-016,CYCLE_COUNT,258,count,2024-08-08T21:51:00.000Z,PACKAGING-01,SHIFT-C,False,v2.4.1
EVT-000384,MCH-008,DOWNTIME_MINUTES,1.3,count,2024-08-23T13:07:00.000Z,ASSEMBLY-LINE-01,SHIFT-B,False,v2.4.1
EVT-000385,MCH-012,CYCLE_TIME_SECONDS,17.9,count,2024-07-30T07:09:00.000Z,ASSEMBLY-LINE-01,SHIFT-B,False,v2.4.1
EVT-000386,MCH-015,PRESSURE,4.356,bar,2024-07-16T12:19:00.000Z,ASSEMBLY-LINE-01,SHIFT-A,False,v2.4.1
EVT-000387,MCH-002,DOWNTIME_EVENT,1.0,count,2024-07-08T22:14:00.000Z,SMT-LINE-02,SHIFT-C,False,v2.4.1
EVT-000388,MCH-018,DOWNTIME_EVENT,1.0,count,2024-06-24T23:40:00.000Z,PACKAGING-01,SHIFT-C,False,v2.4.1
EVT-000389,MCH-007,DEFECT_COUNT,7,count,2024-06-15T02:56:00.000Z,ASSEMBLY-LINE-02,SHIFT-C,False,v2.4.1
EVT-000390,MCH-018,DEFECT_COUNT,8,count,2024-07-16T16:44:00.000Z,ASSEMBLY-LINE-02,SHIFT-C,False,v2.4.1
EVT-000391,MCH-015,VIBRATION,0.0595,count,2024-07-15T21:43:00.000Z,ASSEMBLY-LINE-01,SHIFT-A,False,v2.4.1
EVT-000392,MCH-016,VIBRATION,0.1633,count,2024-07-20T23:56:00.000Z,SMT-LINE-01,SHIFT-C,False,v2.4.1
EVT-000393,MCH-003,TEMPERATURE,67.01,celsius,2024-08-17T07:38:00.000Z,SMT-LINE-01,SHIFT-B,False,v2.4.1
EVT-000394,MCH-008,PRESSURE,4.189,bar,2024-07-28T15:47:00.000Z,PACKAGING-01,SHIFT-B,False,v2.4.1
EVT-000395,MCH-020,TOTAL_OUTPUT,311,count,2024-07-27T11:40:00.000Z,ASSEMBLY-LINE-02,SHIFT-A,True,v2.4.1
EVT-000396,MCH-014,TEMPERATURE,70.95,celsius,2024-07-21T11:05:00.000Z,SMT-LINE-01,SHIFT-C,False,v2.4.1
EVT-000397,MCH-010,TEMPERATURE,59.62,celsius,2024-07-20T00:20:00.000Z,ASSEMBLY-LINE-02,SHIFT-A,False,v2.4.1
EVT-000398,MCH-017,VIBRATION,0.1191,count,2024-06-10T00:24:00.000Z,SMT-LINE-02,SHIFT-A,False,v2.4.1
EVT-000399,MCH-012,CYCLE_TIME_SECONDS,18.3,count,2024-06-24T05:24:00.000Z,ASSEMBLY-LINE-02,SHIFT-B,False,v2.4.1
EVT-000400,MCH-008,CYCLE_TIME_SECONDS,17.0,count,2024-08-03T17:08:00.000Z,SMT-LINE-01,SHIFT-C,False,v2.4.1
EVT-000401,MCH-002,PRESSURE,3.958,bar,2024-07-30T09:42:00.000Z,ASSEMBLY-LINE-02,SHIFT-A,False,v2.4.1
EVT-000402,MCH-006,PRESSURE,4.364,bar,2024-08-04T05:23:00.000Z,ASSEMBLY-LINE-02,SHIFT-B,False,v2.4.1
EVT-000403,MCH-019,PRESSURE,4.731,bar,2024-07-01T09:40:00.000Z,SMT-LINE-02,SHIFT-A,False,v2.4.1
EVT-000404,MCH-019,TOTAL_OUTPUT,298,count,2024-08-03T06:19:00.000Z,SMT-LINE-01,SHIFT-A,False,v2.4.1
EVT-000405,MCH-018,DOWNTIME_EVENT,1.0,count,2024-06-26T18:29:00.000Z,SMT-LINE-01,SHIFT-A,False,v2.4.1
EVT-000406,MCH-001,CYCLE_COUNT,230,count,2024-06-29T21:00:00.000Z,SMT-LINE-02,SHIFT-C,False,v2.4.1
EVT-000407,MCH-003,CYCLE_TIME_SECONDS,14.6,count,2024-08-24T19:09:00.000Z,SMT-LINE-02,SHIFT-C,False,v2.4.1
EVT-000408,MCH-013,DOWNTIME_MINUTES,1.3,count,2024-08-16T05:19:00.000Z,SMT-LINE-02,SHIFT-C,False,v2.4.1
EVT-000409,MCH-012,TEMPERATURE,76.75,celsius,2024-07-16T19:59:00.000Z,SMT-LINE-01,SHIFT-B,False,v2.4.1
EVT-000410,MCH-020,GOOD_UNITS,304,count,2024-07-27T03:00:00.000Z,ASSEMBLY-LINE-01,SHIFT-A,False,v2.4.1
EVT-000411,MCH-015,TOTAL_OUTPUT,297,count,2024-08-11T13:41:00.000Z,ASSEMBLY-LINE-01,SHIFT-C,False,v2.4.1
EVT-000412,MCH-006,DOWNTIME_EVENT,1.0,count,2024-07-10T13:23:00.000Z,ASSEMBLY-LINE-02,SHIFT-A,False,v2.4.1
EVT-000413,MCH-008,PRESSURE,4.326,bar,2024-06-28T03:15:00.000Z,SMT-LINE-01,SHIFT-B,False,v2.4.1
EVT-000414,MCH-005,GOOD_UNITS,290,count,2024-08-05T00:40:00.000Z,ASSEMBLY-LINE-01,SHIFT-A,False,v2.4.1
EVT-000415,MCH-010,TOTAL_OUTPUT,301,count,2024-08-26T01:55:00.000Z,ASSEMBLY-LINE-01,SHIFT-A,False,v2.4.1
EVT-000416,MCH-014,TOTAL_OUTPUT,307,count,2024-06-18T07:21:00.000Z,PACKAGING-01,SHIFT-C,False,v2.4.1
EVT-000417,MCH-003,DEFECT_COUNT,2,count,2024-06-03T15:22:00.000Z,PACKAGING-01,SHIFT-C,False,v2.4.1
EVT-000418,MCH-013,TEMPERATURE,69.94,celsius,2024-08-18T20:49:00.000Z,SMT-LINE-01,SHIFT-C,False,v2.4.1
EVT-000419,MCH-008,DOWNTIME_EVENT,1.0,count,2024-08-22T15:27:00.000Z,PACKAGING-01,SHIFT-A,False,v2.4.1
EVT-000420,MCH-005,CYCLE_TIME_SECONDS,20.4,count,2024-06-16T16:16:00.000Z,ASSEMBLY-LINE-01,SHIFT-B,False,v2.4.1
EVT-000421,MCH-006,GOOD_UNITS,288,count,2024-06-07T00:12:00.000Z,ASSEMBLY-LINE-02,SHIFT-B,False,v2.4.1
EVT-000422,MCH-012,CYCLE_TIME_SECONDS,21.8,count,2024-06-08T06:02:00.000Z,ASSEMBLY-LINE-02,SHIFT-C,False,v2.4.1
EVT-000423,MCH-004,VIBRATION,0.0981,count,2024-07-12T22:12:00.000Z,ASSEMBLY-LINE-01,SHIFT-A,False,v2.4.1
EVT-000424,MCH-020,GOOD_UNITS,305,count,2024-07-01T11:44:00.000Z,ASSEMBLY-LINE-01,SHIFT-B,False,v2.4.1
EVT-000425,MCH-020,VIBRATION,0.1031,count,2024-08-14T11:26:00.000Z,SMT-LINE-02,SHIFT-B,False,v2.4.1
EVT-000426,MCH-013,DEFECT_COUNT,9,count,2024-08-28T01:08:00.000Z,ASSEMBLY-LINE-02,SHIFT-C,False,v2.4.1
EVT-000427,MCH-013,CYCLE_TIME_SECONDS,21.2,count,2024-06-30T21:54:00.000Z,ASSEMBLY-LINE-02,SHIFT-B,False,v2.4.1
EVT-000428,MCH-007,DOWNTIME_EVENT,1.0,count,2024-07-22T13:45:00.000Z,PACKAGING-01,SHIFT-A,False,v2.4.1
EVT-000429,MCH-001,TOTAL_OUTPUT,320,count,2024-07-21T07:42:00.000Z,SMT-LINE-02,SHIFT-B,False,v2.4.1
EVT-000430,MCH-003,GOOD_UNITS,301,count,2024-08-15T21:57:00.000Z,ASSEMBLY-LINE-02,SHIFT-A,False,v2.4.1
EVT-000431,MCH-009,VIBRATION,0.1047,count,2024-06-23T06:42:00.000Z,SMT-LINE-01,SHIFT-B,False,v2.4.1
EVT-000432,MCH-019,GOOD_UNITS,297,count,2024-07-14T20:54:00.000Z,PACKAGING-01,SHIFT-C,False,v2.4.1
EVT-000433,MCH-012,DOWNTIME_MINUTES,3.0,count,2024-06-04T14:18:00.000Z,SMT-LINE-01,SHIFT-A,False,v2.4.1
EVT-000434,MCH-012,VIBRATION,0.0511,count,2024-07-31T02:33:00.000Z,PACKAGING-01,SHIFT-A,False,v2.4.1
EVT-000435,MCH-013,DEFECT_COUNT,13,count,2024-07-29T23:05:00.000Z,SMT-LINE-01,SHIFT-A,False,v2.4.1
EVT-000436,MCH-017,DOWNTIME_MINUTES,2.7,count,2024-06-21T10:58:00.000Z,PACKAGING-01,SHIFT-A,False,v2.4.1
EVT-000437,MCH-015,DOWNTIME_EVENT,1.0,count,2024-07-06T20:26:00.000Z,PACKAGING-01,SHIFT-A,False,v2.4.1
EVT-000438,MCH-016,PRESSURE,4.01,bar,2024-06-03T11:39:00.000Z,SMT-LINE-01,SHIFT-A,False,v2.4.1
EVT-000439,MCH-005,DEFECT_COUNT,9,count,2024-08-06T17:02:00.000Z,ASSEMBLY-LINE-01,SHIFT-B,False,v2.4.1
EVT-000440,MCH-016,DEFECT_COUNT,15,count,2024-07-18T16:23:00.000Z,SMT-LINE-01,SHIFT-B,False,v2.4.1
EVT-000441,MCH-011,PRESSURE,4.848,bar,2024-07-12T10:23:00.000Z,ASSEMBLY-LINE-01,SHIFT-A,False,v2.4.1
EVT-000442,MCH-001,DEFECT_COUNT,3,count,2024-06-11T17:24:00.000Z,SMT-LINE-02,SHIFT-C,False,v2.4.1
EVT-000443,MCH-018,VIBRATION,0.0995,count,2024-06-17T03:05:00.000Z,ASSEMBLY-LINE-02,SHIFT-A,False,v2.4.1
EVT-000444,MCH-006,VIBRATION,0.1568,count,2024-07-28T13:43:00.000Z,ASSEMBLY-LINE-02,SHIFT-B,True,v2.4.1
EVT-000445,MCH-007,TOTAL_OUTPUT,308,count,2024-07-27T03:32:00.000Z,ASSEMBLY-LINE-02,SHIFT-B,True,v2.4.1
EVT-000446,MCH-007,CYCLE_TIME_SECONDS,18.1,count,2024-06-20T19:13:00.000Z,SMT-LINE-01,SHIFT-C,False,v2.4.1
EVT-000447,MCH-018,VIBRATION,0.0473,count,2024-08-19T14:52:00.000Z,ASSEMBLY-LINE-01,SHIFT-B,False,v2.4.1
EVT-000448,MCH-009,TOTAL_OUTPUT,306,count,2024-06-11T14:56:00.000Z,ASSEMBLY-LINE-01,SHIFT-C,False,v2.4.1
EVT-000449,MCH-019,PRESSURE,3.865,bar,2024-07-06T23:31:00.000Z,PACKAGING-01,SHIFT-A,False,v2.4.1
EVT-000450,MCH-010,DOWNTIME_EVENT,1.0,count,2024-08-04T12:15:00.000Z,PACKAGING-01,SHIFT-A,False,v2.4.1
EVT-000451,MCH-004,CYCLE_COUNT,158,count,2024-06-29T18:09:00.000Z,SMT-LINE-01,SHIFT-A,False,v2.4.1
EVT-000452,MCH-017,GOOD_UNITS,293,count,2024-06-14T02:48:00.000Z,PACKAGING-01,SHIFT-A,False,v2.4.1
EVT-000453,MCH-006,TOTAL_OUTPUT,310,count,2024-07-09T18:08:00.000Z,PACKAGING-01,SHIFT-C,False,v2.4.1
EVT-000454,MCH-006,DOWNTIME_MINUTES,0.6,count,2024-08-24T23:08:00.000Z,ASSEMBLY-LINE-01,SHIFT-A,False,v2.4.1
EVT-000455,MCH-015,DOWNTIME_EVENT,1.0,count,2024-08-16T21:20:00.000Z,SMT-LINE-01,SHIFT-B,False,v2.4.1
EVT-000456,MCH-005,CYCLE_COUNT,288,count,2024-07-15T08:38:00.000Z,ASSEMBLY-LINE-02,SHIFT-C,False,v2.4.1
EVT-000457,MCH-014,TOTAL_OUTPUT,303,count,2024-07-16T07:16:00.000Z,ASSEMBLY-LINE-02,SHIFT-B,False,v2.4.1
EVT-000458,MCH-001,CYCLE_COUNT,154,count,2024-07-22T17:07:00.000Z,SMT-LINE-01,SHIFT-B,False,v2.4.1
EVT-000459,MCH-006,TOTAL_OUTPUT,308,count,2024-06-27T12:36:00.000Z,ASSEMBLY-LINE-02,SHIFT-C,False,v2.4.1
EVT-000460,MCH-004,CYCLE_TIME_SECONDS,21.9,count,2024-07-23T09:06:00.000Z,PACKAGING-01,SHIFT-B,False,v2.4.1
EVT-000461,MCH-002,TOTAL_OUTPUT,307,count,2024-08-09T03:13:00.000Z,SMT-LINE-02,SHIFT-B,False,v2.4.1
EVT-000462,MCH-008,CYCLE_TIME_SECONDS,18.5,count,2024-08-15T19:19:00.000Z,ASSEMBLY-LINE-01,SHIFT-B,False,v2.4.1
EVT-000463,MCH-015,PRESSURE,4.146,bar,2024-06-09T04:01:00.000Z,SMT-LINE-02,SHIFT-A,False,v2.4.1
EVT-000464,MCH-012,DOWNTIME_EVENT,1.0,count,2024-07-24T18:20:00.000Z,ASSEMBLY-LINE-02,SHIFT-A,False,v2.4.1
EVT-000465,MCH-007,CYCLE_COUNT,286,count,2024-08-11T16:31:00.000Z,SMT-LINE-01,SHIFT-C,False,v2.4.1
EVT-000466,MCH-020,DOWNTIME_MINUTES,0.6,count,2024-06-26T20:02:00.000Z,ASSEMBLY-LINE-01,SHIFT-B,False,v2.4.1
EVT-000467,MCH-017,PRESSURE,4.529,bar,2024-08-26T22:32:00.000Z,ASSEMBLY-LINE-02,SHIFT-A,False,v2.4.1
EVT-000468,MCH-005,VIBRATION,0.1701,count,2024-08-19T04:05:00.000Z,SMT-LINE-02,SHIFT-A,False,v2.4.1
EVT-000469,MCH-008,GOOD_UNITS,295,count,2024-08-15T15:50:00.000Z,SMT-LINE-02,SHIFT-C,False,v2.4.1
EVT-000470,MCH-014,GOOD_UNITS,294,count,2024-07-28T09:28:00.000Z,SMT-LINE-01,SHIFT-C,False,v2.4.1
EVT-000471,MCH-003,GOOD_UNITS,296,count,2024-08-10T05:39:00.000Z,ASSEMBLY-LINE-01,SHIFT-C,False,v2.4.1
EVT-000472,MCH-015,TOTAL_OUTPUT,300,count,2024-07-04T20:14:00.000Z,PACKAGING-01,SHIFT-A,False,v2.4.1
EVT-000473,MCH-003,TOTAL_OUTPUT,310,count,2024-08-17T08:39:00.000Z,ASSEMBLY-LINE-01,SHIFT-A,False,v2.4.1
EVT-000474,MCH-007,GOOD_UNITS,306,count,2024-07-07T10:49:00.000Z,SMT-LINE-02,SHIFT-B,False,v2.4.1
EVT-000475,MCH-010,DEFECT_COUNT,4,count,2024-08-15T15:32:00.000Z,PACKAGING-01,SHIFT-B,False,v2.4.1
EVT-000476,MCH-002,TEMPERATURE,83.35,celsius,2024-08-21T15:18:00.000Z,ASSEMBLY-LINE-02,SHIFT-A,False,v2.4.1
EVT-000477,MCH-006,TOTAL_OUTPUT,304,count,2024-08-18T07:34:00.000Z,SMT-LINE-01,SHIFT-B,False,v2.4.1
EVT-000478,MCH-005,CYCLE_TIME_SECONDS,20.6,count,2024-08-02T22:15:00.000Z,SMT-LINE-02,SHIFT-B,False,v2.4.1
EVT-000479,MCH-009,PRESSURE,3.75,bar,2024-07-04T01:22:00.000Z,SMT-LINE-02,SHIFT-A,False,v2.4.1
EVT-000480,MCH-008,GOOD_UNITS,300,count,2024-06-29T01:23:00.000Z,SMT-LINE-01,SHIFT-C,False,v2.4.1
EVT-000481,MCH-016,PRESSURE,4.668,bar,2024-06-20T16:13:00.000Z,SMT-LINE-02,SHIFT-C,False,v2.4.1
EVT-000482,MCH-015,TEMPERATURE,79.33,celsius,2024-08-02T03:26:00.000Z,SMT-LINE-01,SHIFT-B,False,v2.4.1
EVT-000483,MCH-003,CYCLE_COUNT,178,count,2024-07-14T17:33:00.000Z,SMT-LINE-01,SHIFT-C,False,v2.4.1
EVT-000484,MCH-011,DEFECT_COUNT,9,count,2024-06-10T15:26:00.000Z,SMT-LINE-02,SHIFT-B,False,v2.4.1
EVT-000485,MCH-005,VIBRATION,0.1219,count,2024-08-08T19:17:00.000Z,SMT-LINE-01,SHIFT-C,False,v2.4.1
EVT-000486,MCH-006,TOTAL_OUTPUT,301,count,2024-07-26T19:15:00.000Z,SMT-LINE-02,SHIFT-C,False,v2.4.1
EVT-000487,MCH-014,DOWNTIME_EVENT,1.0,count,2024-08-23T23:32:00.000Z,ASSEMBLY-LINE-02,SHIFT-A,False,v2.4.1
EVT-000488,MCH-005,PRESSURE,3.95,bar,2024-06-10T09:28:00.000Z,ASSEMBLY-LINE-02,SHIFT-B,False,v2.4.1
EVT-000489,MCH-009,PRESSURE,4.042,bar,2024-06-23T19:17:00.000Z,SMT-LINE-02,SHIFT-C,False,v2.4.1
EVT-000490,MCH-020,CYCLE_TIME_SECONDS,18.7,count,2024-08-05T21:26:00.000Z,ASSEMBLY-LINE-01,SHIFT-A,False,v2.4.1
EVT-000491,MCH-007,GOOD_UNITS,289,count,2024-07-17T15:04:00.000Z,SMT-LINE-01,SHIFT-A,False,v2.4.1
EVT-000492,MCH-008,TOTAL_OUTPUT,310,count,2024-06-11T12:17:00.000Z,PACKAGING-01,SHIFT-A,False,v2.4.1
EVT-000493,MCH-001,DEFECT_COUNT,10,count,2024-08-29T05:48:00.000Z,SMT-LINE-02,SHIFT-B,False,v2.4.1
EVT-000494,MCH-014,DEFECT_COUNT,5,count,2024-07-22T23:38:00.000Z,ASSEMBLY-LINE-02,SHIFT-A,True,v2.4.1
EVT-000495,MCH-001,CYCLE_TIME_SECONDS,14.2,count,2024-06-07T09:31:00.000Z,SMT-LINE-02,SHIFT-A,False,v2.4.1
EVT-000496,MCH-013,DOWNTIME_MINUTES,1.1,count,2024-08-26T14:25:00.000Z,PACKAGING-01,SHIFT-B,False,v2.4.1
EVT-000497,MCH-003,DOWNTIME_MINUTES,2.6,count,2024-07-07T20:47:00.000Z,SMT-LINE-02,SHIFT-B,False,v2.4.1
EVT-000498,MCH-017,CYCLE_COUNT,286,count,2024-06-08T10:37:00.000Z,SMT-LINE-02,SHIFT-C,False,v2.4.1
EVT-000499,MCH-003,CYCLE_TIME_SECONDS,16.7,count,2024-07-24T15:05:00.000Z,SMT-LINE-02,SHIFT-A,False,v2.4.1
EVT-000500,MCH-014,PRESSURE,3.74,bar,2024-08-24T09:52:00.000Z,ASSEMBLY-LINE-02,SHIFT-C,False,v2.4.1
EVT-000501,MCH-006,PRESSURE,4.362,bar,2024-06-29T09:39:00.000Z,SMT-LINE-01,SHIFT-A,False,v2.4.1
EVT-000502,MCH-017,DOWNTIME_MINUTES,5.1,count,2024-07-02T19:23:00.000Z,ASSEMBLY-LINE-01,SHIFT-A,False,v2.4.1
EVT-000503,MCH-009,PRESSURE,4.213,bar,2024-08-08T11:54:00.000Z,SMT-LINE-01,SHIFT-B,False,v2.4.1
EVT-000504,MCH-017,PRESSURE,4.134,bar,2024-06-26T00:09:00.000Z,SMT-LINE-01,SHIFT-B,False,v2.4.1
EVT-000505,MCH-002,TOTAL_OUTPUT,317,count,2024-07-04T00:42:00.000Z,PACKAGING-01,SHIFT-A,False,v2.4.1
EVT-000506,MCH-004,DOWNTIME_EVENT,1.0,count,2024-06-24T11:18:00.000Z,SMT-LINE-01,SHIFT-A,False,v2.4.1
EVT-000507,MCH-002,TEMPERATURE,93.66,celsius,2024-06-01T11:36:00.000Z,SMT-LINE-02,SHIFT-A,False,v2.4.1
EVT-000508,MCH-005,VIBRATION,0.1917,count,2024-07-06T02:37:00.000Z,PACKAGING-01,SHIFT-C,False,v2.4.1
EVT-000509,MCH-008,DEFECT_COUNT,7,count,2024-07-09T10:07:00.000Z,ASSEMBLY-LINE-02,SHIFT-C,False,v2.4.1
EVT-000510,MCH-003,DOWNTIME_EVENT,1.0,count,2024-08-15T10:25:00.000Z,ASSEMBLY-LINE-01,SHIFT-A,False,v2.4.1
EVT-000511,MCH-002,VIBRATION,0.0869,count,2024-08-22T08:19:00.000Z,SMT-LINE-02,SHIFT-C,False,v2.4.1
EVT-000512,MCH-013,PRESSURE,4.631,bar,2024-08-27T02:13:00.000Z,ASSEMBLY-LINE-01,SHIFT-B,False,v2.4.1
EVT-000513,MCH-001,DEFECT_COUNT,6,count,2024-07-12T19:46:00.000Z,ASSEMBLY-LINE-01,SHIFT-C,False,v2.4.1
EVT-000514,MCH-020,CYCLE_COUNT,198,count,2024-08-07T13:37:00.000Z,ASSEMBLY-LINE-01,SHIFT-C,False,v2.4.1
EVT-000515,MCH-007,DOWNTIME_MINUTES,4.8,count,2024-08-10T13:47:00.000Z,SMT-LINE-02,SHIFT-A,True,v2.4.1
EVT-000516,MCH-001,CYCLE_COUNT,218,count,2024-07-08T13:44:00.000Z,ASSEMBLY-LINE-01,SHIFT-C,False,v2.4.1
EVT-000517,MCH-001,DEFECT_COUNT,0,count,2024-08-20T02:16:00.000Z,ASSEMBLY-LINE-02,SHIFT-C,False,v2.4.1
EVT-000518,MCH-007,DOWNTIME_MINUTES,13.6,count,2024-06-10T17:04:00.000Z,ASSEMBLY-LINE-02,SHIFT-B,False,v2.4.1
EVT-000519,MCH-005,CYCLE_TIME_SECONDS,14.5,count,2024-08-28T18:35:00.000Z,SMT-LINE-01,SHIFT-A,False,v2.4.1
EVT-000520,MCH-017,GOOD_UNITS,302,count,2024-08-21T22:09:00.000Z,ASSEMBLY-LINE-01,SHIFT-B,False,v2.4.1
EVT-000521,MCH-019,PRESSURE,3.773,bar,2024-06-08T23:28:00.000Z,ASSEMBLY-LINE-02,SHIFT-A,False,v2.4.1
EVT-000522,MCH-014,VIBRATION,0.1181,count,2024-06-06T22:03:00.000Z,SMT-LINE-02,SHIFT-B,False,v2.4.1
EVT-000523,MCH-013,DEFECT_COUNT,10,count,2024-06-29T22:08:00.000Z,ASSEMBLY-LINE-02,SHIFT-B,False,v2.4.1
EVT-000524,MCH-007,VIBRATION,0.1299,count,2024-08-26T03:13:00.000Z,SMT-LINE-02,SHIFT-A,False,v2.4.1
EVT-000525,MCH-011,GOOD_UNITS,283,count,2024-07-13T16:06:00.000Z,PACKAGING-01,SHIFT-B,False,v2.4.1
EVT-000526,MCH-015,CYCLE_TIME_SECONDS,14.7,count,2024-06-20T03:35:00.000Z,ASSEMBLY-LINE-02,SHIFT-B,False,v2.4.1
EVT-000527,MCH-006,CYCLE_TIME_SECONDS,19.8,count,2024-06-09T11:31:00.000Z,SMT-LINE-01,SHIFT-A,False,v2.4.1
EVT-000528,MCH-005,PRESSURE,3.789,bar,2024-07-01T02:04:00.000Z,SMT-LINE-02,SHIFT-B,False,v2.4.1
EVT-000529,MCH-010,CYCLE_TIME_SECONDS,18.7,count,2024-06-05T16:56:00.000Z,ASSEMBLY-LINE-02,SHIFT-B,False,v2.4.1
EVT-000530,MCH-008,PRESSURE,4.032,bar,2024-07-21T07:45:00.000Z,ASSEMBLY-LINE-02,SHIFT-A,False,v2.4.1
EVT-000531,MCH-004,TEMPERATURE,84.91,celsius,2024-06-13T23:22:00.000Z,SMT-LINE-02,SHIFT-A,False,v2.4.1
EVT-000532,MCH-012,PRESSURE,4.398,bar,2024-07-07T17:05:00.000Z,PACKAGING-01,SHIFT-C,False,v2.4.1
EVT-000533,MCH-003,TEMPERATURE,77.31,celsius,2024-08-14T05:28:00.000Z,ASSEMBLY-LINE-02,SHIFT-A,False,v2.4.1
EVT-000534,MCH-011,PRESSURE,4.196,bar,2024-08-17T08:54:00.000Z,SMT-LINE-01,SHIFT-B,False,v2.4.1
EVT-000535,MCH-019,GOOD_UNITS,306,count,2024-08-24T08:47:00.000Z,ASSEMBLY-LINE-02,SHIFT-B,True,v2.4.1
EVT-000536,MCH-014,VIBRATION,0.0669,count,2024-08-02T10:30:00.000Z,ASSEMBLY-LINE-01,SHIFT-B,False,v2.4.1
EVT-000537,MCH-002,DOWNTIME_EVENT,1.0,count,2024-06-14T18:41:00.000Z,PACKAGING-01,SHIFT-C,False,v2.4.1
EVT-000538,MCH-016,GOOD_UNITS,308,count,2024-06-28T02:40:00.000Z,PACKAGING-01,SHIFT-B,False,v2.4.1
EVT-000539,MCH-013,VIBRATION,0.1894,count,2024-06-26T17:10:00.000Z,ASSEMBLY-LINE-02,SHIFT-A,False,v2.4.1
EVT-000540,MCH-017,CYCLE_COUNT,241,count,2024-08-12T19:30:00.000Z,PACKAGING-01,SHIFT-A,False,v2.4.1
EVT-000541,MCH-012,TOTAL_OUTPUT,307,count,2024-08-11T10:07:00.000Z,ASSEMBLY-LINE-02,SHIFT-B,False,v2.4.1
EVT-000542,MCH-011,GOOD_UNITS,288,count,2024-07-16T23:29:00.000Z,SMT-LINE-02,SHIFT-A,False,v2.4.1
EVT-000543,MCH-001,CYCLE_TIME_SECONDS,25.2,count,2024-06-21T04:27:00.000Z,PACKAGING-01,SHIFT-B,False,v2.4.1
EVT-000544,MCH-006,PRESSURE,4.534,bar,2024-06-22T10:28:00.000Z,SMT-LINE-02,SHIFT-C,False,v2.4.1
EVT-000545,MCH-002,CYCLE_COUNT,227,count,2024-07-19T19:51:00.000Z,ASSEMBLY-LINE-02,SHIFT-B,False,v2.4.1
EVT-000546,MCH-006,VIBRATION,0.123,count,2024-08-17T04:24:00.000Z,ASSEMBLY-LINE-01,SHIFT-C,True,v2.4.1
EVT-000547,MCH-012,DOWNTIME_EVENT,1.0,count,2024-08-04T00:23:00.000Z,PACKAGING-01,SHIFT-A,False,v2.4.1
EVT-000548,MCH-016,DOWNTIME_MINUTES,1.2,count,2024-06-18T09:12:00.000Z,ASSEMBLY-LINE-02,SHIFT-A,False,v2.4.1
EVT-000549,MCH-020,CYCLE_COUNT,85,count,2024-06-22T10:10:00.000Z,PACKAGING-01,SHIFT-B,True,v2.4.1
EVT-000550,MCH-020,CYCLE_COUNT,286,count,2024-08-23T19:10:00.000Z,SMT-LINE-02,SHIFT-B,False,v2.4.1
EVT-000551,MCH-011,TEMPERATURE,78.97,celsius,2024-08-23T21:06:00.000Z,SMT-LINE-01,SHIFT-A,False,v2.4.1
EVT-000552,MCH-005,PRESSURE,4.539,bar,2024-08-23T17:42:00.000Z,SMT-LINE-01,SHIFT-B,False,v2.4.1
EVT-000553,MCH-013,DOWNTIME_EVENT,1.0,count,2024-07-31T12:27:00.000Z,SMT-LINE-01,SHIFT-B,False,v2.4.1
EVT-000554,MCH-006,GOOD_UNITS,305,count,2024-06-13T16:04:00.000Z,ASSEMBLY-LINE-02,SHIFT-C,False,v2.4.1
EVT-000555,MCH-018,DOWNTIME_EVENT,1.0,count,2024-08-04T14:51:00.000Z,ASSEMBLY-LINE-01,SHIFT-A,False,v2.4.1
EVT-000556,MCH-006,GOOD_UNITS,289,count,2024-08-14T09:12:00.000Z,ASSEMBLY-LINE-01,SHIFT-A,False,v2.4.1
EVT-000557,MCH-019,GOOD_UNITS,307,count,2024-06-01T09:55:00.000Z,PACKAGING-01,SHIFT-A,False,v2.4.1
EVT-000558,MCH-020,CYCLE_COUNT,243,count,2024-06-30T05:09:00.000Z,PACKAGING-01,SHIFT-A,False,v2.4.1
EVT-000559,MCH-011,PRESSURE,3.711,bar,2024-06-14T01:14:00.000Z,SMT-LINE-02,SHIFT-B,False,v2.4.1
EVT-000560,MCH-003,DEFECT_COUNT,14,count,2024-06-16T12:45:00.000Z,SMT-LINE-01,SHIFT-B,False,v2.4.1
EVT-000561,MCH-003,DEFECT_COUNT,8,count,2024-08-03T08:15:00.000Z,SMT-LINE-01,SHIFT-C,True,v2.4.1
EVT-000562,MCH-015,GOOD_UNITS,285,count,2024-07-06T09:05:00.000Z,ASSEMBLY-LINE-02,SHIFT-B,False,v2.4.1
EVT-000563,MCH-018,GOOD_UNITS,283,count,2024-07-03T05:16:00.000Z,ASSEMBLY-LINE-02,SHIFT-C,False,v2.4.1
EVT-000564,MCH-008,VIBRATION,0.0517,count,2024-08-02T19:07:00.000Z,SMT-LINE-01,SHIFT-B,True,v2.4.1
EVT-000565,MCH-004,PRESSURE,4.362,bar,2024-06-25T00:26:00.000Z,ASSEMBLY-LINE-01,SHIFT-A,False,v2.4.1
EVT-000566,MCH-003,DOWNTIME_MINUTES,9.5,count,2024-06-15T21:30:00.000Z,SMT-LINE-01,SHIFT-B,False,v2.4.1
EVT-000567,MCH-016,TEMPERATURE,61.42,celsius,2024-07-27T02:31:00.000Z,PACKAGING-01,SHIFT-B,False,v2.4.1
EVT-000568,MCH-011,CYCLE_COUNT,128,count,2024-06-10T11:12:00.000Z,ASSEMBLY-LINE-02,SHIFT-C,False,v2.4.1
EVT-000569,MCH-018,CYCLE_TIME_SECONDS,19.5,count,2024-08-24T11:56:00.000Z,ASSEMBLY-LINE-01,SHIFT-B,False,v2.4.1
EVT-000570,MCH-013,DOWNTIME_EVENT,1.0,count,2024-06-05T18:25:00.000Z,PACKAGING-01,SHIFT-B,False,v2.4.1
EVT-000571,MCH-001,GOOD_UNITS,282,count,2024-07-04T02:14:00.000Z,ASSEMBLY-LINE-01,SHIFT-C,False,v2.4.1
EVT-000572,MCH-007,PRESSURE,4.381,bar,2024-07-14T23:17:00.000Z,ASSEMBLY-LINE-01,SHIFT-A,False,v2.4.1
EVT-000573,MCH-010,GOOD_UNITS,295,count,2024-06-11T18:19:00.000Z,ASSEMBLY-LINE-02,SHIFT-C,False,v2.4.1
EVT-000574,MCH-018,GOOD_UNITS,285,count,2024-07-29T16:10:00.000Z,ASSEMBLY-LINE-01,SHIFT-B,False,v2.4.1
EVT-000575,MCH-002,CYCLE_TIME_SECONDS,18.2,count,2024-07-11T19:48:00.000Z,ASSEMBLY-LINE-02,SHIFT-B,False,v2.4.1
EVT-000576,MCH-009,DOWNTIME_EVENT,1.0,count,2024-08-16T10:37:00.000Z,SMT-LINE-01,SHIFT-A,False,v2.4.1
EVT-000577,MCH-004,PRESSURE,3.932,bar,2024-08-01T00:06:00.000Z,ASSEMBLY-LINE-02,SHIFT-C,False,v2.4.1
EVT-000578,MCH-013,DOWNTIME_MINUTES,1.8,count,2024-06-06T19:13:00.000Z,PACKAGING-01,SHIFT-C,False,v2.4.1
EVT-000579,MCH-019,CYCLE_COUNT,201,count,2024-07-14T11:16:00.000Z,ASSEMBLY-LINE-01,SHIFT-A,False,v2.4.1
EVT-000580,MCH-002,DOWNTIME_MINUTES,2.8,count,2024-08-17T23:27:00.000Z,PACKAGING-01,SHIFT-C,False,v2.4.1
EVT-000581,MCH-005,PRESSURE,3.725,bar,2024-07-27T17:00:00.000Z,ASSEMBLY-LINE-02,SHIFT-A,False,v2.4.1
EVT-000582,MCH-007,CYCLE_COUNT,112,count,2024-06-16T11:10:00.000Z,SMT-LINE-01,SHIFT-B,False,v2.4.1
EVT-000583,MCH-014,CYCLE_COUNT,290,count,2024-08-02T10:18:00.000Z,SMT-LINE-02,SHIFT-C,False,v2.4.1
EVT-000584,MCH-003,PRESSURE,3.97,bar,2024-08-23T03:40:00.000Z,ASSEMBLY-LINE-01,SHIFT-B,False,v2.4.1
EVT-000585,MCH-001,DOWNTIME_EVENT,1.0,count,2024-08-23T17:34:00.000Z,PACKAGING-01,SHIFT-C,False,v2.4.1
EVT-000586,MCH-014,VIBRATION,0.146,count,2024-06-11T11:48:00.000Z,SMT-LINE-02,SHIFT-C,False,v2.4.1
EVT-000587,MCH-004,PRESSURE,4.072,bar,2024-08-09T06:42:00.000Z,ASSEMBLY-LINE-01,SHIFT-C,False,v2.4.1
EVT-000588,MCH-014,CYCLE_TIME_SECONDS,17.6,count,2024-08-20T03:47:00.000Z,ASSEMBLY-LINE-02,SHIFT-C,False,v2.4.1
EVT-000589,MCH-016,TEMPERATURE,75.82,celsius,2024-07-26T16:17:00.000Z,PACKAGING-01,SHIFT-C,False,v2.4.1
EVT-000590,MCH-002,GOOD_UNITS,308,count,2024-07-07T19:34:00.000Z,ASSEMBLY-LINE-01,SHIFT-C,False,v2.4.1
EVT-000591,MCH-016,CYCLE_TIME_SECONDS,20.2,count,2024-08-08T03:06:00.000Z,ASSEMBLY-LINE-01,SHIFT-A,False,v2.4.1
EVT-000592,MCH-010,CYCLE_TIME_SECONDS,17.4,count,2024-08-12T11:45:00.000Z,SMT-LINE-01,SHIFT-A,False,v2.4.1
EVT-000593,MCH-015,DEFECT_COUNT,8,count,2024-08-28T22:12:00.000Z,ASSEMBLY-LINE-02,SHIFT-C,False,v2.4.1
EVT-000594,MCH-015,CYCLE_COUNT,313,count,2024-06-18T08:33:00.000Z,ASSEMBLY-LINE-02,SHIFT-C,False,v2.4.1
EVT-000595,MCH-012,TEMPERATURE,81.14,celsius,2024-07-18T06:18:00.000Z,PACKAGING-01,SHIFT-A,False,v2.4.1
EVT-000596,MCH-017,GOOD_UNITS,284,count,2024-08-04T20:04:00.000Z,PACKAGING-01,SHIFT-C,True,v2.4.1
EVT-000597,MCH-007,TEMPERATURE,72.03,celsius,2024-06-18T19:05:00.000Z,ASSEMBLY-LINE-01,SHIFT-C,False,v2.4.1
EVT-000598,MCH-015,DOWNTIME_MINUTES,1.7,count,2024-07-04T18:40:00.000Z,SMT-LINE-01,SHIFT-C,False,v2.4.1
EVT-000599,MCH-016,DOWNTIME_EVENT,1.0,count,2024-07-05T03:39:00.000Z,ASSEMBLY-LINE-02,SHIFT-A,False,v2.4.1
EVT-000600,MCH-019,DOWNTIME_MINUTES,1.4,count,2024-07-14T10:44:00.000Z,SMT-LINE-02,SHIFT-B,False,v2.4.1
EVT-000601,MCH-003,CYCLE_TIME_SECONDS,20.8,count,2024-08-02T22:49:00.000Z,SMT-LINE-01,SHIFT-B,False,v2.4.1
EVT-000602,MCH-019,CYCLE_COUNT,299,count,2024-08-17T23:12:00.000Z,SMT-LINE-02,SHIFT-C,False,v2.4.1
EVT-000603,MCH-009,GOOD_UNITS,296,count,2024-06-20T01:36:00.000Z,SMT-LINE-01,SHIFT-C,True,v2.4.1
EVT-000604,MCH-005,VIBRATION,0.1158,count,2024-08-23T05:14:00.000Z,ASSEMBLY-LINE-01,SHIFT-C,False,v2.4.1
EVT-000605,MCH-009,GOOD_UNITS,308,count,2024-06-29T01:17:00.000Z,ASSEMBLY-LINE-02,SHIFT-B,False,v2.4.1
EVT-000606,MCH-015,CYCLE_TIME_SECONDS,17.8,count,2024-06-21T02:41:00.000Z,PACKAGING-01,SHIFT-C,False,v2.4.1
EVT-000607,MCH-001,DOWNTIME_MINUTES,24.9,count,2024-06-10T13:30:00.000Z,ASSEMBLY-LINE-01,SHIFT-C,False,v2.4.1
EVT-000608,MCH-010,CYCLE_TIME_SECONDS,16.9,count,2024-07-26T16:29:00.000Z,ASSEMBLY-LINE-01,SHIFT-B,False,v2.4.1
EVT-000609,MCH-009,CYCLE_TIME_SECONDS,15.4,count,2024-08-18T15:57:00.000Z,ASSEMBLY-LINE-01,SHIFT-A,False,v2.4.1
EVT-000610,MCH-008,TEMPERATURE,76.92,celsius,2024-08-09T22:12:00.000Z,PACKAGING-01,SHIFT-B,False,v2.4.1
EVT-000611,MCH-005,TEMPERATURE,58.46,celsius,2024-08-02T05:08:00.000Z,ASSEMBLY-LINE-02,SHIFT-B,False,v2.4.1
EVT-000612,MCH-013,GOOD_UNITS,303,count,2024-07-09T08:22:00.000Z,SMT-LINE-01,SHIFT-C,False,v2.4.1
EVT-000613,MCH-007,DEFECT_COUNT,7,count,2024-07-23T07:38:00.000Z,PACKAGING-01,SHIFT-C,False,v2.4.1
EVT-000614,MCH-012,DOWNTIME_MINUTES,1.2,count,2024-08-22T18:20:00.000Z,SMT-LINE-02,SHIFT-C,False,v2.4.1
EVT-000615,MCH-010,PRESSURE,3.715,bar,2024-06-17T17:41:00.000Z,PACKAGING-01,SHIFT-A,False,v2.4.1
EVT-000616,MCH-011,PRESSURE,4.29,bar,2024-08-22T03:11:00.000Z,SMT-LINE-02,SHIFT-B,False,v2.4.1
EVT-000617,MCH-010,GOOD_UNITS,305,count,2024-08-19T13:40:00.000Z,ASSEMBLY-LINE-01,SHIFT-B,False,v2.4.1
EVT-000618,MCH-015,PRESSURE,3.608,bar,2024-06-28T00:21:00.000Z,PACKAGING-01,SHIFT-C,False,v2.4.1
EVT-000619,MCH-016,CYCLE_COUNT,208,count,2024-06-07T17:34:00.000Z,SMT-LINE-01,SHIFT-C,False,v2.4.1
EVT-000620,MCH-014,TEMPERATURE,74.95,celsius,2024-06-28T09:46:00.000Z,SMT-LINE-02,SHIFT-A,False,v2.4.1
EVT-000621,MCH-014,DOWNTIME_EVENT,1.0,count,2024-07-02T10:34:00.000Z,ASSEMBLY-LINE-02,SHIFT-A,False,v2.4.1
EVT-000622,MCH-006,PRESSURE,3.778,bar,2024-08-05T09:24:00.000Z,SMT-LINE-02,SHIFT-B,False,v2.4.1
EVT-000623,MCH-015,CYCLE_TIME_SECONDS,18.3,count,2024-06-01T16:17:00.000Z,SMT-LINE-02,SHIFT-A,False,v2.4.1
EVT-000624,MCH-016,PRESSURE,4.42,bar,2024-06-15T16:06:00.000Z,ASSEMBLY-LINE-02,SHIFT-B,False,v2.4.1
EVT-000625,MCH-013,TEMPERATURE,78.2,celsius,2024-07-14T16:53:00.000Z,SMT-LINE-01,SHIFT-C,False,v2.4.1
EVT-000626,MCH-001,DEFECT_COUNT,6,count,2024-07-05T05:03:00.000Z,SMT-LINE-01,SHIFT-C,True,v2.4.1
EVT-000627,MCH-008,CYCLE_COUNT,257,count,2024-08-07T00:34:00.000Z,ASSEMBLY-LINE-01,SHIFT-B,False,v2.4.1
EVT-000628,MCH-017,DOWNTIME_EVENT,1.0,count,2024-07-06T03:52:00.000Z,ASSEMBLY-LINE-01,SHIFT-A,False,v2.4.1
EVT-000629,MCH-010,CYCLE_TIME_SECONDS,15.1,count,2024-06-05T09:52:00.000Z,PACKAGING-01,SHIFT-B,False,v2.4.1
EVT-000630,MCH-005,DEFECT_COUNT,15,count,2024-08-02T18:17:00.000Z,ASSEMBLY-LINE-01,SHIFT-A,False,v2.4.1
EVT-000631,MCH-013,TEMPERATURE,74.65,celsius,2024-08-22T19:08:00.000Z,SMT-LINE-02,SHIFT-A,False,v2.4.1
EVT-000632,MCH-007,TEMPERATURE,67.89,celsius,2024-06-13T04:37:00.000Z,ASSEMBLY-LINE-01,SHIFT-C,False,v2.4.1
EVT-000633,MCH-013,CYCLE_TIME_SECONDS,17.2,count,2024-06-04T15:37:00.000Z,PACKAGING-01,SHIFT-C,False,v2.4.1
EVT-000634,MCH-004,TEMPERATURE,75.79,celsius,2024-06-05T14:46:00.000Z,ASSEMBLY-LINE-02,SHIFT-B,False,v2.4.1
EVT-000635,MCH-016,VIBRATION,0.1259,count,2024-06-24T06:06:00.000Z,SMT-LINE-02,SHIFT-C,False,v2.4.1
EVT-000636,MCH-010,GOOD_UNITS,301,count,2024-06-02T02:19:00.000Z,SMT-LINE-01,SHIFT-C,False,v2.4.1
EVT-000637,MCH-020,VIBRATION,0.0453,count,2024-07-27T22:31:00.000Z,PACKAGING-01,SHIFT-C,False,v2.4.1
EVT-000638,MCH-004,PRESSURE,4.513,bar,2024-06-26T23:34:00.000Z,ASSEMBLY-LINE-02,SHIFT-A,False,v2.4.1
EVT-000639,MCH-009,DOWNTIME_MINUTES,12.1,count,2024-08-11T01:28:00.000Z,ASSEMBLY-LINE-01,SHIFT-C,False,v2.4.1
EVT-000640,MCH-002,DOWNTIME_MINUTES,2.3,count,2024-06-15T20:20:00.000Z,SMT-LINE-02,SHIFT-C,False,v2.4.1
EVT-000641,MCH-008,TEMPERATURE,75.44,celsius,2024-07-01T08:12:00.000Z,SMT-LINE-01,SHIFT-C,False,v2.4.1
EVT-000642,MCH-003,DOWNTIME_MINUTES,0.3,count,2024-06-14T19:48:00.000Z,SMT-LINE-01,SHIFT-B,False,v2.4.1
EVT-000643,MCH-010,CYCLE_TIME_SECONDS,18.1,count,2024-07-12T19:47:00.000Z,ASSEMBLY-LINE-02,SHIFT-A,False,v2.4.1
EVT-000644,MCH-002,CYCLE_TIME_SECONDS,15.6,count,2024-06-17T03:38:00.000Z,ASSEMBLY-LINE-02,SHIFT-C,False,v2.4.1
EVT-000645,MCH-002,TEMPERATURE,81.25,celsius,2024-08-17T17:34:00.000Z,SMT-LINE-02,SHIFT-C,False,v2.4.1
EVT-000646,MCH-012,TOTAL_OUTPUT,320,count,2024-07-01T03:58:00.000Z,PACKAGING-01,SHIFT-B,False,v2.4.1
EVT-000647,MCH-012,DEFECT_COUNT,5,count,2024-06-09T17:03:00.000Z,SMT-LINE-01,SHIFT-B,False,v2.4.1
EVT-000648,MCH-009,GOOD_UNITS,302,count,2024-07-12T19:19:00.000Z,ASSEMBLY-LINE-02,SHIFT-B,False,v2.4.1
EVT-000649,MCH-006,PRESSURE,4.525,bar,2024-08-12T18:52:00.000Z,SMT-LINE-02,SHIFT-A,False,v2.4.1
EVT-000650,MCH-016,DOWNTIME_EVENT,1.0,count,2024-07-25T00:30:00.000Z,ASSEMBLY-LINE-02,SHIFT-A,False,v2.4.1
EVT-000651,MCH-012,DOWNTIME_EVENT,1.0,count,2024-08-11T04:06:00.000Z,SMT-LINE-01,SHIFT-C,False,v2.4.1
EVT-000652,MCH-005,TOTAL_OUTPUT,319,count,2024-08-06T10:45:00.000Z,ASSEMBLY-LINE-02,SHIFT-A,False,v2.4.1
EVT-000653,MCH-002,PRESSURE,4.557,bar,2024-07-11T08:41:00.000Z,ASSEMBLY-LINE-01,SHIFT-C,False,v2.4.1
EVT-000654,MCH-017,DOWNTIME_EVENT,1.0,count,2024-08-04T09:09:00.000Z,PACKAGING-01,SHIFT-A,False,v2.4.1
EVT-000655,MCH-011,DOWNTIME_MINUTES,2.5,count,2024-08-01T05:17:00.000Z,PACKAGING-01,SHIFT-A,False,v2.4.1
EVT-000656,MCH-008,TOTAL_OUTPUT,301,count,2024-08-06T09:23:00.000Z,ASSEMBLY-LINE-02,SHIFT-A,False,v2.4.1
EVT-000657,MCH-020,TEMPERATURE,90.62,celsius,2024-07-22T01:43:00.000Z,PACKAGING-01,SHIFT-B,False,v2.4.1
EVT-000658,MCH-006,PRESSURE,4.251,bar,2024-08-19T09:16:00.000Z,ASSEMBLY-LINE-02,SHIFT-B,False,v2.4.1
EVT-000659,MCH-009,TEMPERATURE,61.89,celsius,2024-08-28T13:18:00.000Z,ASSEMBLY-LINE-02,SHIFT-B,False,v2.4.1
EVT-000660,MCH-015,TOTAL_OUTPUT,315,count,2024-06-08T10:12:00.000Z,PACKAGING-01,SHIFT-B,False,v2.4.1
EVT-000661,MCH-015,DEFECT_COUNT,3,count,2024-07-16T14:53:00.000Z,ASSEMBLY-LINE-02,SHIFT-C,False,v2.4.1
EVT-000662,MCH-013,GOOD_UNITS,281,count,2024-06-10T14:13:00.000Z,PACKAGING-01,SHIFT-C,True,v2.4.1
EVT-000663,MCH-020,DOWNTIME_EVENT,1.0,count,2024-06-09T12:33:00.000Z,ASSEMBLY-LINE-01,SHIFT-C,False,v2.4.1
EVT-000664,MCH-015,DEFECT_COUNT,11,count,2024-07-30T19:59:00.000Z,SMT-LINE-01,SHIFT-A,False,v2.4.1
EVT-000665,MCH-018,DOWNTIME_EVENT,1.0,count,2024-07-01T11:12:00.000Z,PACKAGING-01,SHIFT-B,False,v2.4.1
EVT-000666,MCH-015,PRESSURE,4.183,bar,2024-07-04T07:37:00.000Z,SMT-LINE-01,SHIFT-C,False,v2.4.1
EVT-000667,MCH-012,CYCLE_TIME_SECONDS,15.7,count,2024-07-02T07:42:00.000Z,SMT-LINE-01,SHIFT-A,False,v2.4.1
EVT-000668,MCH-005,GOOD_UNITS,283,count,2024-07-16T01:42:00.000Z,ASSEMBLY-LINE-01,SHIFT-C,False,v2.4.1
EVT-000669,MCH-013,CYCLE_COUNT,197,count,2024-06-12T05:46:00.000Z,SMT-LINE-02,SHIFT-C,False,v2.4.1
EVT-000670,MCH-014,TEMPERATURE,69.71,celsius,2024-08-09T04:01:00.000Z,PACKAGING-01,SHIFT-A,False,v2.4.1
EVT-000671,MCH-015,DOWNTIME_EVENT,1.0,count,2024-07-12T06:08:00.000Z,PACKAGING-01,SHIFT-A,False,v2.4.1
EVT-000672,MCH-017,TEMPERATURE,63.95,celsius,2024-06-01T15:28:00.000Z,PACKAGING-01,SHIFT-B,False,v2.4.1
EVT-000673,MCH-006,DOWNTIME_EVENT,1.0,count,2024-08-11T08:17:00.000Z,SMT-LINE-02,SHIFT-C,False,v2.4.1
EVT-000674,MCH-013,DOWNTIME_EVENT,1.0,count,2024-06-10T16:13:00.000Z,PACKAGING-01,SHIFT-B,False,v2.4.1
EVT-000675,MCH-014,DOWNTIME_EVENT,1.0,count,2024-07-06T06:18:00.000Z,SMT-LINE-02,SHIFT-B,False,v2.4.1
EVT-000676,MCH-010,TOTAL_OUTPUT,315,count,2024-07-02T10:59:00.000Z,SMT-LINE-02,SHIFT-A,False,v2.4.1
EVT-000677,MCH-017,CYCLE_TIME_SECONDS,17.1,count,2024-08-03T23:12:00.000Z,PACKAGING-01,SHIFT-B,False,v2.4.1
EVT-000678,MCH-018,CYCLE_COUNT,131,count,2024-08-25T09:39:00.000Z,SMT-LINE-02,SHIFT-C,False,v2.4.1
EVT-000679,MCH-012,VIBRATION,0.1776,count,2024-08-02T17:55:00.000Z,SMT-LINE-02,SHIFT-C,False,v2.4.1
EVT-000680,MCH-011,PRESSURE,4.149,bar,2024-07-29T05:16:00.000Z,ASSEMBLY-LINE-01,SHIFT-C,False,v2.4.1
EVT-000681,MCH-014,DOWNTIME_MINUTES,1.1,count,2024-07-23T04:34:00.000Z,ASSEMBLY-LINE-02,SHIFT-A,False,v2.4.1
EVT-000682,MCH-013,VIBRATION,0.1329,count,2024-06-03T13:12:00.000Z,ASSEMBLY-LINE-01,SHIFT-A,False,v2.4.1
EVT-000683,MCH-009,VIBRATION,0.1245,count,2024-08-02T10:53:00.000Z,SMT-LINE-01,SHIFT-C,False,v2.4.1
EVT-000684,MCH-018,TEMPERATURE,66.46,celsius,2024-06-19T19:38:00.000Z,PACKAGING-01,SHIFT-C,False,v2.4.1
EVT-000685,MCH-008,DOWNTIME_MINUTES,1.6,count,2024-08-18T23:16:00.000Z,PACKAGING-01,SHIFT-C,False,v2.4.1
EVT-000686,MCH-002,GOOD_UNITS,292,count,2024-07-31T17:36:00.000Z,ASSEMBLY-LINE-02,SHIFT-C,False,v2.4.1
EVT-000687,MCH-002,TEMPERATURE,78.81,celsius,2024-07-21T12:08:00.000Z,ASSEMBLY-LINE-01,SHIFT-A,False,v2.4.1
EVT-000688,MCH-015,CYCLE_COUNT,313,count,2024-08-11T07:57:00.000Z,ASSEMBLY-LINE-01,SHIFT-C,False,v2.4.1
EVT-000689,MCH-007,CYCLE_COUNT,155,count,2024-07-26T04:07:00.000Z,ASSEMBLY-LINE-02,SHIFT-A,False,v2.4.1
EVT-000690,MCH-006,VIBRATION,0.1181,count,2024-06-08T00:40:00.000Z,SMT-LINE-01,SHIFT-B,False,v2.4.1
EVT-000691,MCH-005,VIBRATION,0.0999,count,2024-06-25T07:14:00.000Z,PACKAGING-01,SHIFT-B,True,v2.4.1
EVT-000692,MCH-005,TEMPERATURE,76.02,celsius,2024-07-13T16:42:00.000Z,SMT-LINE-01,SHIFT-C,False,v2.4.1
EVT-000693,MCH-010,TOTAL_OUTPUT,315,count,2024-07-31T11:55:00.000Z,PACKAGING-01,SHIFT-C,False,v2.4.1
EVT-000694,MCH-011,DOWNTIME_MINUTES,0.8,count,2024-08-11T14:44:00.000Z,SMT-LINE-02,SHIFT-C,False,v2.4.1
EVT-000695,MCH-006,GOOD_UNITS,297,count,2024-07-17T05:29:00.000Z,PACKAGING-01,SHIFT-B,False,v2.4.1
EVT-000696,MCH-007,DEFECT_COUNT,10,count,2024-06-21T09:12:00.000Z,ASSEMBLY-LINE-01,SHIFT-B,False,v2.4.1
EVT-000697,MCH-020,DOWNTIME_MINUTES,2.1,count,2024-08-08T18:12:00.000Z,PACKAGING-01,SHIFT-C,True,v2.4.1
EVT-000698,MCH-012,TOTAL_OUTPUT,297,count,2024-08-01T03:19:00.000Z,PACKAGING-01,SHIFT-C,False,v2.4.1
EVT-000699,MCH-011,GOOD_UNITS,309,count,2024-06-04T21:06:00.000Z,SMT-LINE-01,SHIFT-B,False,v2.4.1
EVT-000700,MCH-010,TEMPERATURE,77.81,celsius,2024-08-06T03:32:00.000Z,PACKAGING-01,SHIFT-B,False,v2.4.1
EVT-000701,MCH-015,TOTAL_OUTPUT,291,count,2024-07-17T13:20:00.000Z,ASSEMBLY-LINE-01,SHIFT-C,False,v2.4.1
EVT-000702,MCH-003,PRESSURE,4.572,bar,2024-07-18T00:37:00.000Z,PACKAGING-01,SHIFT-C,True,v2.4.1
EVT-000703,MCH-007,CYCLE_COUNT,301,count,2024-06-07T05:01:00.000Z,ASSEMBLY-LINE-02,SHIFT-A,False,v2.4.1
EVT-000704,MCH-014,PRESSURE,4.852,bar,2024-08-15T16:25:00.000Z,SMT-LINE-02,SHIFT-A,False,v2.4.1
EVT-000705,MCH-002,PRESSURE,4.368,bar,2024-07-01T10:38:00.000Z,ASSEMBLY-LINE-01,SHIFT-C,False,v2.4.1
EVT-000706,MCH-008,CYCLE_TIME_SECONDS,18.7,count,2024-08-15T00:51:00.000Z,ASSEMBLY-LINE-02,SHIFT-B,False,v2.4.1
EVT-000707,MCH-014,DEFECT_COUNT,0,count,2024-07-08T01:31:00.000Z,ASSEMBLY-LINE-02,SHIFT-C,False,v2.4.1
EVT-000708,MCH-020,PRESSURE,4.215,bar,2024-06-01T18:53:00.000Z,SMT-LINE-01,SHIFT-B,False,v2.4.1
EVT-000709,MCH-010,CYCLE_TIME_SECONDS,14.7,count,2024-06-10T21:51:00.000Z,PACKAGING-01,SHIFT-A,False,v2.4.1
EVT-000710,MCH-015,GOOD_UNITS,292,count,2024-08-24T14:23:00.000Z,SMT-LINE-01,SHIFT-B,False,v2.4.1
EVT-000711,MCH-005,GOOD_UNITS,305,count,2024-06-21T06:18:00.000Z,PACKAGING-01,SHIFT-B,False,v2.4.1
EVT-000712,MCH-010,DEFECT_COUNT,0,count,2024-06-14T08:44:00.000Z,PACKAGING-01,SHIFT-C,False,v2.4.1
EVT-000713,MCH-001,DOWNTIME_EVENT,1.0,count,2024-06-05T01:15:00.000Z,PACKAGING-01,SHIFT-B,False,v2.4.1
EVT-000714,MCH-003,CYCLE_TIME_SECONDS,19.0,count,2024-08-26T10:42:00.000Z,ASSEMBLY-LINE-01,SHIFT-A,False,v2.4.1
EVT-000715,MCH-017,VIBRATION,0.1837,count,2024-07-30T01:03:00.000Z,SMT-LINE-02,SHIFT-A,False,v2.4.1
EVT-000716,MCH-009,CYCLE_COUNT,109,count,2024-08-16T05:32:00.000Z,SMT-LINE-02,SHIFT-C,False,v2.4.1
EVT-000717,MCH-002,DOWNTIME_MINUTES,2.1,count,2024-08-17T19:46:00.000Z,PACKAGING-01,SHIFT-A,False,v2.4.1
EVT-000718,MCH-009,PRESSURE,4.328,bar,2024-06-07T09:09:00.000Z,ASSEMBLY-LINE-01,SHIFT-B,False,v2.4.1
EVT-000719,MCH-008,PRESSURE,4.574,bar,2024-07-30T21:54:00.000Z,ASSEMBLY-LINE-01,SHIFT-C,False,v2.4.1
EVT-000720,MCH-011,TOTAL_OUTPUT,304,count,2024-06-18T20:42:00.000Z,ASSEMBLY-LINE-01,SHIFT-C,False,v2.4.1
EVT-000721,MCH-019,VIBRATION,0.0851,count,2024-08-03T08:52:00.000Z,ASSEMBLY-LINE-01,SHIFT-B,False,v2.4.1
EVT-000722,MCH-008,CYCLE_COUNT,262,count,2024-06-29T18:13:00.000Z,ASSEMBLY-LINE-02,SHIFT-B,False,v2.4.1
EVT-000723,MCH-011,TOTAL_OUTPUT,304,count,2024-06-13T11:23:00.000Z,ASSEMBLY-LINE-02,SHIFT-B,False,v2.4.1
EVT-000724,MCH-018,PRESSURE,4.086,bar,2024-07-15T13:48:00.000Z,SMT-LINE-02,SHIFT-C,False,v2.4.1
EVT-000725,MCH-009,VIBRATION,0.1405,count,2024-08-16T20:55:00.000Z,SMT-LINE-01,SHIFT-C,False,v2.4.1
EVT-000726,MCH-017,TEMPERATURE,68.66,celsius,2024-06-02T22:41:00.000Z,PACKAGING-01,SHIFT-C,False,v2.4.1
EVT-000727,MCH-007,TEMPERATURE,62.5,celsius,2024-07-24T22:57:00.000Z,PACKAGING-01,SHIFT-B,False,v2.4.1
EVT-000728,MCH-012,GOOD_UNITS,287,count,2024-06-14T18:41:00.000Z,PACKAGING-01,SHIFT-C,False,v2.4.1
EVT-000729,MCH-015,DOWNTIME_MINUTES,2.4,count,2024-06-13T10:28:00.000Z,ASSEMBLY-LINE-02,SHIFT-B,False,v2.4.1
EVT-000730,MCH-008,DOWNTIME_EVENT,1.0,count,2024-07-31T13:38:00.000Z,SMT-LINE-02,SHIFT-C,False,v2.4.1
EVT-000731,MCH-006,DOWNTIME_EVENT,1.0,count,2024-06-15T17:49:00.000Z,PACKAGING-01,SHIFT-C,False,v2.4.1
EVT-000732,MCH-016,DEFECT_COUNT,1,count,2024-06-14T13:22:00.000Z,SMT-LINE-02,SHIFT-B,False,v2.4.1
EVT-000733,MCH-012,CYCLE_COUNT,90,count,2024-06-25T07:29:00.000Z,SMT-LINE-02,SHIFT-C,False,v2.4.1
EVT-000734,MCH-013,TOTAL_OUTPUT,319,count,2024-07-04T03:09:00.000Z,ASSEMBLY-LINE-02,SHIFT-A,False,v2.4.1
EVT-000735,MCH-011,PRESSURE,4.08,bar,2024-07-30T06:43:00.000Z,PACKAGING-01,SHIFT-C,False,v2.4.1
EVT-000736,MCH-009,DOWNTIME_EVENT,1.0,count,2024-08-16T05:48:00.000Z,PACKAGING-01,SHIFT-C,False,v2.4.1
EVT-000737,MCH-013,DEFECT_COUNT,2,count,2024-07-30T17:58:00.000Z,PACKAGING-01,SHIFT-B,False,v2.4.1
EVT-000738,MCH-008,DOWNTIME_MINUTES,1.7,count,2024-08-22T19:54:00.000Z,ASSEMBLY-LINE-01,SHIFT-B,False,v2.4.1
EVT-000739,MCH-020,TEMPERATURE,67.62,celsius,2024-08-21T00:03:00.000Z,SMT-LINE-02,SHIFT-A,False,v2.4.1
EVT-000740,MCH-009,CYCLE_COUNT,118,count,2024-07-29T19:41:00.000Z,SMT-LINE-02,SHIFT-A,False,v2.4.1
EVT-000741,MCH-004,CYCLE_COUNT,186,count,2024-08-05T12:58:00.000Z,ASSEMBLY-LINE-01,SHIFT-C,False,v2.4.1
EVT-000742,MCH-016,TOTAL_OUTPUT,296,count,2024-08-01T17:03:00.000Z,PACKAGING-01,SHIFT-A,False,v2.4.1
EVT-000743,MCH-001,CYCLE_COUNT,91,count,2024-07-08T15:37:00.000Z,SMT-LINE-02,SHIFT-C,False,v2.4.1
EVT-000744,MCH-017,TEMPERATURE,71.95,celsius,2024-06-13T12:18:00.000Z,PACKAGING-01,SHIFT-A,False,v2.4.1
EVT-000745,MCH-006,DOWNTIME_MINUTES,10.6,count,2024-06-24T18:10:00.000Z,PACKAGING-01,SHIFT-C,False,v2.4.1
EVT-000746,MCH-010,PRESSURE,4.285,bar,2024-08-20T05:07:00.000Z,ASSEMBLY-LINE-02,SHIFT-B,False,v2.4.1
EVT-000747,MCH-014,DOWNTIME_EVENT,1.0,count,2024-08-15T19:57:00.000Z,SMT-LINE-02,SHIFT-C,False,v2.4.1
EVT-000748,MCH-020,DOWNTIME_MINUTES,1.0,count,2024-06-17T19:19:00.000Z,ASSEMBLY-LINE-01,SHIFT-B,False,v2.4.1
EVT-000749,MCH-008,GOOD_UNITS,292,count,2024-06-07T12:23:00.000Z,SMT-LINE-02,SHIFT-A,True,v2.4.1
EVT-000750,MCH-017,GOOD_UNITS,306,count,2024-07-18T19:52:00.000Z,SMT-LINE-02,SHIFT-C,False,v2.4.1
EVT-000751,MCH-020,DOWNTIME_EVENT,1.0,count,2024-07-14T13:33:00.000Z,SMT-LINE-01,SHIFT-C,False,v2.4.1
EVT-000752,MCH-003,TOTAL_OUTPUT,311,count,2024-06-11T22:43:00.000Z,SMT-LINE-02,SHIFT-C,False,v2.4.1
EVT-000753,MCH-014,DOWNTIME_MINUTES,1.8,count,2024-06-01T08:37:00.000Z,SMT-LINE-01,SHIFT-C,False,v2.4.1
EVT-000754,MCH-016,GOOD_UNITS,291,count,2024-06-22T03:19:00.000Z,PACKAGING-01,SHIFT-C,False,v2.4.1
EVT-000755,MCH-019,PRESSURE,4.601,bar,2024-08-16T10:52:00.000Z,ASSEMBLY-LINE-02,SHIFT-A,False,v2.4.1
EVT-000756,MCH-008,PRESSURE,4.073,bar,2024-08-09T23:02:00.000Z,ASSEMBLY-LINE-02,SHIFT-B,False,v2.4.1
EVT-000757,MCH-001,DOWNTIME_EVENT,1.0,count,2024-08-04T19:09:00.000Z,PACKAGING-01,SHIFT-A,False,v2.4.1
EVT-000758,MCH-007,DEFECT_COUNT,13,count,2024-07-05T09:15:00.000Z,ASSEMBLY-LINE-01,SHIFT-A,False,v2.4.1
EVT-000759,MCH-019,CYCLE_TIME_SECONDS,23.0,count,2024-07-30T13:23:00.000Z,ASSEMBLY-LINE-01,SHIFT-C,False,v2.4.1
EVT-000760,MCH-020,CYCLE_TIME_SECONDS,20.5,count,2024-07-04T12:45:00.000Z,SMT-LINE-02,SHIFT-B,False,v2.4.1
EVT-000761,MCH-016,VIBRATION,0.1179,count,2024-07-22T00:00:00.000Z,ASSEMBLY-LINE-01,SHIFT-C,False,v2.4.1
EVT-000762,MCH-010,DOWNTIME_EVENT,1.0,count,2024-06-24T08:23:00.000Z,ASSEMBLY-LINE-01,SHIFT-C,False,v2.4.1
EVT-000763,MCH-004,CYCLE_COUNT,194,count,2024-06-13T19:36:00.000Z,SMT-LINE-02,SHIFT-A,False,v2.4.1
EVT-000764,MCH-011,DOWNTIME_MINUTES,3.2,count,2024-07-07T17:02:00.000Z,SMT-LINE-01,SHIFT-A,False,v2.4.1
EVT-000765,MCH-001,PRESSURE,4.351,bar,2024-07-29T03:05:00.000Z,PACKAGING-01,SHIFT-B,False,v2.4.1
EVT-000766,MCH-008,DEFECT_COUNT,2,count,2024-06-25T04:43:00.000Z,PACKAGING-01,SHIFT-A,False,v2.4.1
EVT-000767,MCH-013,DOWNTIME_EVENT,1.0,count,2024-08-24T23:06:00.000Z,PACKAGING-01,SHIFT-B,False,v2.4.1
EVT-000768,MCH-002,VIBRATION,0.0795,count,2024-07-25T15:11:00.000Z,ASSEMBLY-LINE-02,SHIFT-B,True,v2.4.1
EVT-000769,MCH-017,CYCLE_TIME_SECONDS,19.5,count,2024-08-17T16:05:00.000Z,PACKAGING-01,SHIFT-C,False,v2.4.1
EVT-000770,MCH-006,TEMPERATURE,85.17,celsius,2024-07-27T05:54:00.000Z,ASSEMBLY-LINE-01,SHIFT-A,False,v2.4.1
EVT-000771,MCH-006,PRESSURE,4.722,bar,2024-08-29T01:19:00.000Z,ASSEMBLY-LINE-01,SHIFT-C,False,v2.4.1
EVT-000772,MCH-007,DOWNTIME_MINUTES,0.1,count,2024-07-24T14:18:00.000Z,SMT-LINE-01,SHIFT-A,False,v2.4.1
EVT-000773,MCH-018,DOWNTIME_EVENT,1.0,count,2024-08-06T08:16:00.000Z,ASSEMBLY-LINE-01,SHIFT-B,False,v2.4.1
EVT-000774,MCH-008,DOWNTIME_EVENT,1.0,count,2024-06-26T10:02:00.000Z,SMT-LINE-02,SHIFT-B,False,v2.4.1
EVT-000775,MCH-001,CYCLE_TIME_SECONDS,17.9,count,2024-07-23T13:54:00.000Z,SMT-LINE-02,SHIFT-B,False,v2.4.1
EVT-000776,MCH-003,DOWNTIME_MINUTES,1.2,count,2024-07-22T02:20:00.000Z,SMT-LINE-01,SHIFT-C,False,v2.4.1
EVT-000777,MCH-018,DOWNTIME_EVENT,1.0,count,2024-08-19T23:53:00.000Z,ASSEMBLY-LINE-01,SHIFT-C,False,v2.4.1
EVT-000778,MCH-019,TOTAL_OUTPUT,314,count,2024-07-05T13:44:00.000Z,SMT-LINE-02,SHIFT-B,False,v2.4.1
EVT-000779,MCH-015,DOWNTIME_EVENT,1.0,count,2024-07-13T00:22:00.000Z,SMT-LINE-01,SHIFT-B,False,v2.4.1
EVT-000780,MCH-013,CYCLE_COUNT,253,count,2024-06-07T09:34:00.000Z,SMT-LINE-02,SHIFT-B,False,v2.4.1
EVT-000781,MCH-017,DOWNTIME_MINUTES,0.0,count,2024-07-03T09:21:00.000Z,ASSEMBLY-LINE-01,SHIFT-A,False,v2.4.1
EVT-000782,MCH-011,PRESSURE,4.023,bar,2024-07-07T13:28:00.000Z,ASSEMBLY-LINE-01,SHIFT-B,False,v2.4.1
EVT-000783,MCH-009,VIBRATION,0.1116,count,2024-07-23T11:17:00.000Z,SMT-LINE-02,SHIFT-B,False,v2.4.1
EVT-000784,MCH-008,CYCLE_TIME_SECONDS,18.5,count,2024-06-22T15:03:00.000Z,SMT-LINE-02,SHIFT-C,False,v2.4.1
EVT-000785,MCH-004,PRESSURE,4.395,bar,2024-08-11T03:37:00.000Z,SMT-LINE-01,SHIFT-C,False,v2.4.1
EVT-000786,MCH-020,TEMPERATURE,72.89,celsius,2024-07-16T02:14:00.000Z,SMT-LINE-01,SHIFT-B,False,v2.4.1
EVT-000787,MCH-016,DOWNTIME_EVENT,1.0,count,2024-06-29T23:02:00.000Z,ASSEMBLY-LINE-01,SHIFT-B,False,v2.4.1
EVT-000788,MCH-017,CYCLE_TIME_SECONDS,14.9,count,2024-08-09T19:33:00.000Z,ASSEMBLY-LINE-02,SHIFT-A,False,v2.4.1
EVT-000789,MCH-002,DOWNTIME_MINUTES,5.4,count,2024-06-12T22:09:00.000Z,ASSEMBLY-LINE-02,SHIFT-C,False,v2.4.1
EVT-000790,MCH-013,VIBRATION,0.1005,count,2024-07-02T20:39:00.000Z,PACKAGING-01,SHIFT-B,False,v2.4.1
EVT-000791,MCH-001,CYCLE_COUNT,177,count,2024-06-02T00:23:00.000Z,PACKAGING-01,SHIFT-A,False,v2.4.1
EVT-000792,MCH-009,VIBRATION,0.1254,count,2024-07-27T00:38:00.000Z,PACKAGING-01,SHIFT-B,False,v2.4.1
EVT-000793,MCH-020,DEFECT_COUNT,11,count,2024-07-14T03:40:00.000Z,SMT-LINE-02,SHIFT-B,False,v2.4.1
EVT-000794,MCH-012,DEFECT_COUNT,12,count,2024-07-09T09:31:00.000Z,ASSEMBLY-LINE-01,SHIFT-B,False,v2.4.1
EVT-000795,MCH-019,CYCLE_COUNT,288,count,2024-06-13T04:28:00.000Z,SMT-LINE-01,SHIFT-C,False,v2.4.1
EVT-000796,MCH-018,GOOD_UNITS,307,count,2024-06-22T17:07:00.000Z,ASSEMBLY-LINE-02,SHIFT-A,False,v2.4.1
EVT-000797,MCH-005,TOTAL_OUTPUT,315,count,2024-08-27T13:17:00.000Z,SMT-LINE-01,SHIFT-A,False,v2.4.1
EVT-000798,MCH-017,DOWNTIME_MINUTES,4.2,count,2024-06-13T11:45:00.000Z,ASSEMBLY-LINE-02,SHIFT-B,False,v2.4.1
EVT-000799,MCH-019,TEMPERATURE,62.16,celsius,2024-08-18T09:25:00.000Z,SMT-LINE-01,SHIFT-A,False,v2.4.1
